timestamp,open,high,low,close,volume
2025-10-21 19:00:00,0.0705,0.07063,0.0705,0.07059,33654.0
2025-10-21 19:01:00,0.0706,0.0707,0.07056,0.07069,22237.0
2025-10-21 19:02:00,0.07067,0.07095,0.07057,0.0708,282882.0
2025-10-21 19:03:00,0.07083,0.07115,0.07077,0.07101,129158.0
2025-10-21 19:04:00,0.07097,0.07119,0.07095,0.07114,23482.0
2025-10-21 19:05:00,0.07119,0.07177,0.07115,0.07177,200006.0
2025-10-21 19:06:00,0.07181,0.07219,0.07181,0.07207,73666.0
2025-10-21 19:07:00,0.07215,0.07217,0.07193,0.07201,115353.0
2025-10-21 19:08:00,0.07206,0.07211,0.07201,0.07204,24491.0
2025-10-21 19:09:00,0.07204,0.07211,0.07204,0.07207,38326.0
2025-10-21 19:10:00,0.07207,0.07209,0.07175,0.07185,49176.0
2025-10-21 19:11:00,0.07189,0.07189,0.0716,0.0716,16356.0
2025-10-21 19:12:00,0.07157,0.0716,0.07141,0.07141,34749.0
2025-10-21 19:13:00,0.07142,0.07143,0.07131,0.07137,21709.0
2025-10-21 19:14:00,0.07137,0.07148,0.07137,0.07141,26105.0
2025-10-21 19:15:00,0.07139,0.07156,0.07136,0.07136,17100.0
2025-10-21 19:16:00,0.07132,0.07141,0.07112,0.07118,141902.0
2025-10-21 19:17:00,0.07121,0.07135,0.07121,0.07134,8700.0
2025-10-21 19:18:00,0.07129,0.07137,0.07125,0.07137,7798.0
2025-10-21 19:19:00,0.07131,0.07135,0.07131,0.07135,5867.0
2025-10-21 19:20:00,0.07131,0.07131,0.07112,0.07114,16088.0
2025-10-21 19:21:00,0.07115,0.07125,0.07115,0.07125,3966.0
2025-10-21 19:22:00,0.07124,0.07124,0.07099,0.07112,45642.0
2025-10-21 19:23:00,0.07107,0.07124,0.071,0.071,40426.0
2025-10-21 19:24:00,0.07097,0.07097,0.07094,0.07094,2849.0
2025-10-21 19:25:00,0.07091,0.07105,0.07083,0.07105,54618.0
2025-10-21 19:26:00,0.07099,0.071,0.07096,0.07096,5237.0
2025-10-21 19:27:00,0.07096,0.071,0.07093,0.07099,16575.0
2025-10-21 19:28:00,0.07097,0.07098,0.07097,0.07098,1072.0
2025-10-21 19:29:00,0.07095,0.07102,0.07095,0.07102,8197.0
2025-10-21 19:30:00,0.07102,0.07106,0.07098,0.07105,7120.0
2025-10-21 19:31:00,0.07105,0.0711,0.07103,0.07109,21872.0
2025-10-21 19:32:00,0.07106,0.07108,0.071,0.07108,13465.0
2025-10-21 19:33:00,0.07103,0.07127,0.07103,0.07127,6143.0
2025-10-21 19:34:00,0.07119,0.07119,0.07103,0.07107,60443.0
2025-10-21 19:35:00,0.07108,0.07117,0.07108,0.07114,2282.0
2025-10-21 19:36:00,0.07115,0.0712,0.07111,0.07116,10704.0
2025-10-21 19:37:00,0.07119,0.07133,0.07119,0.0712,11371.0
2025-10-21 19:38:00,0.07128,0.0713,0.0712,0.0712,8450.0
2025-10-21 19:39:00,0.07125,0.07126,0.07118,0.07126,4197.0
2025-10-21 19:40:00,0.07129,0.07129,0.0712,0.07121,3368.0
2025-10-21 19:41:00,0.0712,0.0713,0.0712,0.0713,4317.0
2025-10-21 19:42:00,0.07129,0.0713,0.07126,0.0713,2133.0
2025-10-21 19:43:00,0.07127,0.0713,0.07127,0.0713,3635.0
2025-10-21 19:44:00,0.07132,0.07147,0.07132,0.07147,15242.0
2025-10-21 19:45:00,0.07145,0.07153,0.07145,0.07148,7163.0
2025-10-21 19:46:00,0.07149,0.07153,0.07146,0.07153,6049.0
2025-10-21 19:47:00,0.0715,0.0719,0.07148,0.07184,163158.0
2025-10-21 19:48:00,0.07176,0.07183,0.07176,0.07183,9336.0
2025-10-21 19:49:00,0.07177,0.07179,0.07177,0.07179,1761.0
2025-10-21 19:50:00,0.07177,0.07177,0.07167,0.07167,5783.0
2025-10-21 19:51:00,0.07171,0.07175,0.07167,0.07175,7209.0
2025-10-21 19:52:00,0.07178,0.0719,0.07178,0.07183,4438.0
2025-10-21 19:53:00,0.07183,0.07183,0.07165,0.07168,30682.0
2025-10-21 19:54:00,0.07169,0.07184,0.07168,0.07174,14677.0
2025-10-21 19:55:00,0.07169,0.07171,0.07166,0.07171,3818.0
2025-10-21 19:56:00,0.07169,0.07169,0.0716,0.07165,17562.0
2025-10-21 19:57:00,0.07161,0.07165,0.07161,0.07165,2214.0
2025-10-21 19:58:00,0.07161,0.07161,0.07158,0.0716,18693.0
2025-10-21 19:59:00,0.07159,0.0716,0.07155,0.07155,15808.0
2025-10-21 20:00:00,0.07155,0.07159,0.07153,0.07158,4720.0
2025-10-21 20:01:00,0.07155,0.07165,0.07154,0.07165,15092.0
2025-10-21 20:02:00,0.07162,0.07176,0.07162,0.07168,20278.0
2025-10-21 20:03:00,0.07169,0.07171,0.0716,0.0716,27791.0
2025-10-21 20:04:00,0.07155,0.07157,0.07153,0.07157,3466.0
2025-10-21 20:05:00,0.07155,0.07163,0.07154,0.07157,6388.0
2025-10-21 20:06:00,0.07157,0.0716,0.07154,0.07154,7893.0
2025-10-21 20:07:00,0.07153,0.07153,0.07124,0.07124,77749.0
2025-10-21 20:08:00,0.07124,0.07126,0.07119,0.0712,25630.0
2025-10-21 20:09:00,0.07116,0.07125,0.07114,0.07115,38287.0
2025-10-21 20:10:00,0.07116,0.07116,0.07099,0.07108,54726.0
2025-10-21 20:11:00,0.07111,0.07124,0.071,0.07113,79810.0
2025-10-21 20:12:00,0.07108,0.07113,0.07108,0.07112,4688.0
2025-10-21 20:13:00,0.07108,0.07108,0.0708,0.07083,59180.0
2025-10-21 20:14:00,0.07082,0.07107,0.0708,0.07099,60437.0
2025-10-21 20:15:00,0.07104,0.07105,0.07089,0.07089,9501.0
2025-10-21 20:16:00,0.07087,0.07089,0.07051,0.07061,97589.0
2025-10-21 20:17:00,0.07067,0.07067,0.06968,0.07036,507327.0
2025-10-21 20:18:00,0.07034,0.0704,0.07012,0.07026,158238.0
2025-10-21 20:19:00,0.07028,0.07048,0.07028,0.07048,24574.0
2025-10-21 20:20:00,0.07048,0.07048,0.07039,0.07045,7237.0
2025-10-21 20:21:00,0.07045,0.07067,0.07045,0.07047,82376.0
2025-10-21 20:22:00,0.07058,0.07058,0.0705,0.07052,2492.0
2025-10-21 20:23:00,0.07052,0.07066,0.07052,0.07066,5025.0
2025-10-21 20:24:00,0.07063,0.07066,0.07063,0.07066,2137.0
2025-10-21 20:25:00,0.07063,0.07063,0.07045,0.07053,20000.0
2025-10-21 20:26:00,0.07053,0.0708,0.07053,0.0706,142441.0
2025-10-21 20:27:00,0.0706,0.07062,0.0706,0.07062,1315.0
2025-10-21 20:28:00,0.07056,0.07057,0.07049,0.07049,3265.0
2025-10-21 20:29:00,0.07049,0.07051,0.07027,0.07042,80393.0
2025-10-21 20:30:00,0.07049,0.07049,0.07042,0.07047,5468.0
2025-10-21 20:31:00,0.07041,0.07044,0.07034,0.07044,9024.0
2025-10-21 20:32:00,0.07043,0.07044,0.07025,0.07028,7459.0
2025-10-21 20:33:00,0.07026,0.07038,0.07026,0.07037,5424.0
2025-10-21 20:34:00,0.07036,0.07036,0.07026,0.07028,4222.0
2025-10-21 20:35:00,0.07022,0.07033,0.0702,0.07033,7031.0
2025-10-21 20:36:00,0.07029,0.07043,0.07022,0.07036,88894.0
2025-10-21 20:37:00,0.07032,0.07035,0.07021,0.07021,16493.0
2025-10-21 20:38:00,0.0702,0.0702,0.07005,0.07008,16687.0
2025-10-21 20:39:00,0.07008,0.0701,0.06991,0.07006,29294.0
2025-10-21 20:40:00,0.07006,0.07011,0.07,0.0701,13133.0
2025-10-21 20:41:00,0.07005,0.07015,0.07005,0.07013,16746.0
2025-10-21 20:42:00,0.07005,0.07012,0.07001,0.07011,9671.0
2025-10-21 20:43:00,0.07012,0.0703,0.07005,0.07012,80348.0
2025-10-21 20:44:00,0.07009,0.07012,0.07009,0.07012,665.0
2025-10-21 20:45:00,0.07007,0.07011,0.07004,0.07006,5052.0
2025-10-21 20:46:00,0.07006,0.0701,0.07004,0.07005,9783.0
2025-10-21 20:47:00,0.07011,0.07031,0.07011,0.07025,57817.0
2025-10-21 20:48:00,0.07019,0.07026,0.07019,0.07026,8318.0
2025-10-21 20:49:00,0.07024,0.07033,0.07024,0.07027,16207.0
2025-10-21 20:50:00,0.07028,0.07029,0.07025,0.07025,1196.0
2025-10-21 20:51:00,0.07025,0.07025,0.07018,0.07025,7755.0
2025-10-21 20:52:00,0.07026,0.07026,0.0702,0.0702,8921.0
2025-10-21 20:53:00,0.07022,0.07023,0.07021,0.07023,1102.0
2025-10-21 20:54:00,0.07028,0.07041,0.07028,0.07034,63378.0
2025-10-21 20:55:00,0.07038,0.07038,0.07034,0.07034,753.0
2025-10-21 20:56:00,0.0703,0.07031,0.07019,0.07019,31508.0
2025-10-21 20:57:00,0.07018,0.07018,0.07002,0.07006,61644.0
2025-10-21 20:58:00,0.07007,0.07008,0.07002,0.07002,5625.0
2025-10-21 20:59:00,0.07006,0.07024,0.07006,0.07022,36800.0
2025-10-21 21:00:00,0.0702,0.0702,0.07013,0.07017,6379.0
2025-10-21 21:01:00,0.0702,0.07043,0.0702,0.07039,17236.0
2025-10-21 21:02:00,0.07034,0.07034,0.07021,0.07032,17453.0
2025-10-21 21:03:00,0.07025,0.07031,0.07025,0.07031,5252.0
2025-10-21 21:04:00,0.07029,0.07033,0.07028,0.07032,6402.0
2025-10-21 21:05:00,0.07035,0.07055,0.07035,0.07047,73311.0
2025-10-21 21:06:00,0.07042,0.07042,0.07022,0.07028,9182.0
2025-10-21 21:07:00,0.07029,0.07029,0.07012,0.07013,40959.0
2025-10-21 21:08:00,0.0701,0.07019,0.07003,0.07006,73229.0
2025-10-21 21:09:00,0.07002,0.07015,0.07002,0.07015,8934.0
2025-10-21 21:10:00,0.07011,0.07036,0.07011,0.07034,62498.0
2025-10-21 21:11:00,0.07034,0.07034,0.07018,0.07018,1919.0
2025-10-21 21:12:00,0.07019,0.07019,0.07013,0.07014,1840.0
2025-10-21 21:13:00,0.07012,0.07013,0.07009,0.07013,3225.0
2025-10-21 21:14:00,0.07015,0.07018,0.07015,0.07016,3250.0
2025-10-21 21:15:00,0.07016,0.07016,0.07005,0.07005,4868.0
2025-10-21 21:16:00,0.07008,0.07008,0.06995,0.06997,22950.0
2025-10-21 21:17:00,0.06996,0.06999,0.06993,0.06993,10430.0
2025-10-21 21:18:00,0.0699,0.06991,0.06972,0.06977,47151.0
2025-10-21 21:19:00,0.06973,0.06985,0.06973,0.06982,40763.0
2025-10-21 21:20:00,0.06981,0.06985,0.06967,0.06972,80644.0
2025-10-21 21:21:00,0.06969,0.0697,0.0691,0.06921,266002.0
2025-10-21 21:22:00,0.06921,0.06968,0.06919,0.06955,63371.0
2025-10-21 21:23:00,0.06956,0.06959,0.0694,0.06952,60115.0
2025-10-21 21:24:00,0.0695,0.0695,0.06936,0.06939,10504.0
2025-10-21 21:25:00,0.06936,0.06953,0.06931,0.06949,25650.0
2025-10-21 21:26:00,0.06951,0.06951,0.06933,0.06949,13815.0
2025-10-21 21:27:00,0.06942,0.0699,0.06942,0.06981,83330.0
2025-10-21 21:28:00,0.06977,0.06987,0.06977,0.06979,13011.0
2025-10-21 21:29:00,0.06977,0.06977,0.06977,0.06977,1587.0
2025-10-21 21:30:00,0.06974,0.06988,0.06968,0.06974,59318.0
2025-10-21 21:31:00,0.06966,0.06973,0.06959,0.06965,68474.0
2025-10-21 21:32:00,0.06958,0.06975,0.06953,0.06974,36220.0
2025-10-21 21:33:00,0.06975,0.07,0.06975,0.06993,63114.0
2025-10-21 21:34:00,0.06992,0.06992,0.06977,0.06982,27695.0
2025-10-21 21:35:00,0.06988,0.07011,0.06988,0.07011,41430.0
2025-10-21 21:36:00,0.07009,0.07019,0.07005,0.07014,57139.0
2025-10-21 21:37:00,0.0701,0.07022,0.07009,0.07022,11228.0
2025-10-21 21:38:00,0.07022,0.07032,0.0702,0.07025,27094.0
2025-10-21 21:39:00,0.07026,0.07035,0.07024,0.07033,24197.0
2025-10-21 21:40:00,0.07033,0.07062,0.07033,0.07057,50194.0
2025-10-21 21:41:00,0.07061,0.07106,0.0706,0.07091,101109.0
2025-10-21 21:42:00,0.07094,0.07114,0.0708,0.07096,126560.0
2025-10-21 21:43:00,0.07093,0.07105,0.07087,0.07094,25268.0
2025-10-21 21:44:00,0.07097,0.0712,0.07091,0.0712,50607.0
2025-10-21 21:45:00,0.07112,0.07112,0.07101,0.07107,28968.0
2025-10-21 21:46:00,0.07101,0.0711,0.071,0.0711,10412.0
2025-10-21 21:47:00,0.07109,0.07127,0.07109,0.07121,26198.0
2025-10-21 21:48:00,0.07122,0.07143,0.07122,0.07143,12534.0
2025-10-21 21:49:00,0.0714,0.07182,0.07132,0.07146,77174.0
2025-10-21 21:50:00,0.07146,0.07146,0.07103,0.07108,39136.0
2025-10-21 21:51:00,0.07108,0.07126,0.07105,0.07105,26589.0
2025-10-21 21:52:00,0.07106,0.07118,0.071,0.07118,22640.0
2025-10-21 21:53:00,0.07117,0.07118,0.07102,0.07104,11136.0
2025-10-21 21:54:00,0.07104,0.07115,0.07104,0.07115,5143.0
2025-10-21 21:55:00,0.07116,0.07116,0.07093,0.07093,8183.0
2025-10-21 21:56:00,0.0709,0.07096,0.07067,0.07096,44458.0
2025-10-21 21:57:00,0.07091,0.07112,0.07091,0.07107,9609.0
2025-10-21 21:58:00,0.07107,0.07117,0.07107,0.07117,4318.0
2025-10-21 21:59:00,0.07116,0.07127,0.07088,0.07094,198052.0
2025-10-21 22:00:00,0.07095,0.07119,0.07092,0.0711,32776.0
2025-10-21 22:01:00,0.07117,0.07133,0.07117,0.0713,22560.0
2025-10-21 22:02:00,0.07121,0.07134,0.07085,0.07094,115027.0
2025-10-21 22:03:00,0.07091,0.07104,0.07089,0.07089,20469.0
2025-10-21 22:04:00,0.0709,0.07105,0.0709,0.07097,25623.0
2025-10-21 22:05:00,0.07098,0.07098,0.0708,0.07089,36224.0
2025-10-21 22:06:00,0.07081,0.07089,0.07081,0.07087,2754.0
2025-10-21 22:07:00,0.0709,0.071,0.0709,0.07094,2827.0
2025-10-21 22:08:00,0.07096,0.07103,0.07087,0.07087,20898.0
2025-10-21 22:09:00,0.07086,0.07086,0.0707,0.07077,28232.0
2025-10-21 22:10:00,0.0708,0.07086,0.0708,0.07086,4606.0
2025-10-21 22:11:00,0.07087,0.07095,0.07084,0.0709,14596.0
2025-10-21 22:12:00,0.07093,0.07095,0.07092,0.07093,8071.0
2025-10-21 22:13:00,0.07093,0.07093,0.07085,0.07086,1906.0
2025-10-21 22:14:00,0.07084,0.07088,0.07083,0.07088,1973.0
2025-10-21 22:15:00,0.0709,0.071,0.07088,0.07091,12459.0
2025-10-21 22:16:00,0.07097,0.07102,0.07091,0.07091,15145.0
2025-10-21 22:17:00,0.07094,0.07094,0.07092,0.07092,2279.0
2025-10-21 22:18:00,0.07094,0.07097,0.07092,0.07092,285.0
2025-10-21 22:19:00,0.07097,0.07109,0.07089,0.07089,34745.0
2025-10-21 22:20:00,0.07093,0.071,0.0709,0.07099,7515.0
2025-10-21 22:21:00,0.07094,0.07094,0.0707,0.07071,39137.0
2025-10-21 22:22:00,0.0707,0.07085,0.07061,0.07064,42001.0
2025-10-21 22:23:00,0.07059,0.07063,0.07046,0.07061,19447.0
2025-10-21 22:24:00,0.07055,0.07062,0.07054,0.07058,6964.0
2025-10-21 22:25:00,0.07055,0.07056,0.07053,0.07053,210.0
2025-10-21 22:26:00,0.07053,0.07053,0.07043,0.07043,6095.0
2025-10-21 22:27:00,0.0704,0.0704,0.07012,0.07012,25877.0
2025-10-21 22:28:00,0.07017,0.07017,0.07009,0.07009,4933.0
2025-10-21 22:29:00,0.07012,0.07019,0.07012,0.07013,5686.0
2025-10-21 22:30:00,0.07012,0.07026,0.07011,0.07021,14954.0
2025-10-21 22:31:00,0.0703,0.07037,0.06971,0.06971,64073.0
2025-10-21 22:32:00,0.06976,0.07012,0.06976,0.06985,79726.0
2025-10-21 22:33:00,0.06984,0.06996,0.06976,0.06985,45189.0
2025-10-21 22:34:00,0.0698,0.0698,0.06964,0.06966,20508.0
2025-10-21 22:35:00,0.0696,0.06969,0.06955,0.06955,14740.0
2025-10-21 22:36:00,0.06953,0.06963,0.06951,0.06962,18100.0
2025-10-21 22:37:00,0.0695,0.06958,0.06935,0.06947,42924.0
2025-10-21 22:38:00,0.06955,0.06955,0.06921,0.06928,33303.0
2025-10-21 22:39:00,0.06934,0.06934,0.06913,0.06913,35063.0
2025-10-21 22:40:00,0.06917,0.06939,0.06909,0.06914,46110.0
2025-10-21 22:41:00,0.06923,0.06952,0.06922,0.06948,28528.0
2025-10-21 22:42:00,0.06951,0.06979,0.06933,0.06978,68945.0
2025-10-21 22:43:00,0.06975,0.07,0.0697,0.06986,69472.0
2025-10-21 22:44:00,0.06989,0.06998,0.06987,0.06987,22684.0
2025-10-21 22:45:00,0.06987,0.06994,0.06971,0.06986,26193.0
2025-10-21 22:46:00,0.06995,0.06997,0.06982,0.06987,19928.0
2025-10-21 22:47:00,0.06984,0.06991,0.06979,0.06979,20715.0
2025-10-21 22:48:00,0.06974,0.06981,0.06953,0.06953,10246.0
2025-10-21 22:49:00,0.06951,0.06951,0.06938,0.06938,19940.0
2025-10-21 22:50:00,0.06944,0.0695,0.06923,0.06946,88947.0
2025-10-21 22:51:00,0.06941,0.06946,0.06931,0.06939,19560.0
2025-10-21 22:52:00,0.06937,0.06938,0.0692,0.06933,29965.0
2025-10-21 22:53:00,0.06924,0.06935,0.06921,0.06933,15012.0
2025-10-21 22:54:00,0.06924,0.06929,0.06919,0.06929,6619.0
2025-10-21 22:55:00,0.06926,0.06926,0.06903,0.06922,68448.0
2025-10-21 22:56:00,0.06918,0.06926,0.06897,0.0691,74230.0
2025-10-21 22:57:00,0.06914,0.06914,0.06901,0.06908,8474.0
2025-10-21 22:58:00,0.06904,0.0691,0.06904,0.0691,6512.0
2025-10-21 22:59:00,0.06908,0.06916,0.06908,0.06916,4611.0
2025-10-21 23:00:00,0.06911,0.06924,0.06903,0.06903,43425.0
2025-10-21 23:01:00,0.06901,0.0691,0.06868,0.06893,126725.0
2025-10-21 23:02:00,0.06891,0.06945,0.06891,0.06943,121435.0
2025-10-21 23:03:00,0.06942,0.06962,0.0694,0.06962,35196.0
2025-10-21 23:04:00,0.06955,0.06966,0.06951,0.06964,39206.0
2025-10-21 23:05:00,0.06962,0.06975,0.06959,0.06965,33727.0
2025-10-21 23:06:00,0.06969,0.06969,0.06935,0.06935,56516.0
2025-10-21 23:07:00,0.0694,0.06949,0.06935,0.06935,11291.0
2025-10-21 23:08:00,0.06935,0.06942,0.06935,0.06941,5560.0
2025-10-21 23:09:00,0.06941,0.06941,0.06927,0.0694,22970.0
2025-10-21 23:10:00,0.06935,0.0695,0.06932,0.0695,18117.0
2025-10-21 23:11:00,0.0695,0.06957,0.06949,0.06949,7109.0
2025-10-21 23:12:00,0.06945,0.06959,0.06945,0.06959,38678.0
2025-10-21 23:13:00,0.06956,0.06956,0.0695,0.0695,7235.0
2025-10-21 23:14:00,0.06954,0.06965,0.06953,0.06953,17848.0
2025-10-21 23:15:00,0.06958,0.0696,0.06941,0.06941,5244.0
2025-10-21 23:16:00,0.06941,0.06941,0.0693,0.0693,3595.0
2025-10-21 23:17:00,0.06931,0.06957,0.06926,0.06957,9344.0
2025-10-21 23:18:00,0.06953,0.06953,0.06943,0.06943,14723.0
2025-10-21 23:19:00,0.06944,0.06965,0.06943,0.06958,71895.0
2025-10-21 23:20:00,0.06958,0.06961,0.0695,0.0695,10085.0
2025-10-21 23:21:00,0.06944,0.06951,0.06944,0.06951,3361.0
2025-10-21 23:22:00,0.0695,0.06959,0.0695,0.06959,3838.0
2025-10-21 23:23:00,0.06959,0.06961,0.06959,0.06961,127.0
2025-10-21 23:24:00,0.06958,0.06959,0.06956,0.06956,9646.0
2025-10-21 23:25:00,0.06949,0.06949,0.0694,0.0694,9614.0
2025-10-21 23:26:00,0.0694,0.0694,0.06931,0.06931,12412.0
2025-10-21 23:27:00,0.0693,0.06931,0.06921,0.06931,29076.0
2025-10-21 23:28:00,0.06922,0.06927,0.06907,0.06912,37591.0
2025-10-21 23:29:00,0.06908,0.06913,0.06904,0.06912,11301.0
2025-10-21 23:30:00,0.06909,0.06909,0.06897,0.06902,10569.0
2025-10-21 23:31:00,0.06902,0.06905,0.06888,0.06889,38693.0
2025-10-21 23:32:00,0.06887,0.06899,0.06884,0.06884,43651.0
2025-10-21 23:33:00,0.06882,0.06894,0.06876,0.06882,17578.0
2025-10-21 23:34:00,0.06873,0.0688,0.06868,0.06868,6975.0
2025-10-21 23:35:00,0.06872,0.06883,0.06871,0.06876,17661.0
2025-10-21 23:36:00,0.06878,0.06878,0.06854,0.06861,79845.0
2025-10-21 23:37:00,0.06858,0.06861,0.06846,0.0685,122689.0
2025-10-21 23:38:00,0.06849,0.06849,0.06827,0.06831,38129.0
2025-10-21 23:39:00,0.06834,0.06839,0.06834,0.06835,3840.0
2025-10-21 23:40:00,0.06839,0.06857,0.06839,0.06852,44740.0
2025-10-21 23:41:00,0.06853,0.06892,0.0685,0.06881,278041.0
2025-10-21 23:42:00,0.06881,0.06889,0.06874,0.06874,27815.0
2025-10-21 23:43:00,0.06869,0.06879,0.06869,0.06872,10821.0
2025-10-21 23:44:00,0.0687,0.0687,0.0687,0.0687,740.0
2025-10-21 23:45:00,0.06875,0.06883,0.06875,0.06881,7464.0
2025-10-21 23:46:00,0.06874,0.06874,0.06855,0.06855,8448.0
2025-10-21 23:47:00,0.06849,0.06859,0.06846,0.06859,15807.0
2025-10-21 23:48:00,0.0685,0.06856,0.06849,0.06856,2067.0
2025-10-21 23:49:00,0.06857,0.06877,0.06857,0.06872,8805.0
2025-10-21 23:50:00,0.06869,0.0689,0.06869,0.06877,24230.0
2025-10-21 23:51:00,0.06878,0.06878,0.06863,0.06868,21047.0
2025-10-21 23:52:00,0.06868,0.06877,0.06858,0.06858,124757.0
2025-10-21 23:53:00,0.06854,0.06866,0.06848,0.06859,98683.0
2025-10-21 23:54:00,0.0685,0.06857,0.0685,0.06853,30448.0
2025-10-21 23:55:00,0.0685,0.0685,0.06837,0.06837,14982.0
2025-10-21 23:56:00,0.06837,0.06859,0.06834,0.06851,164790.0
2025-10-21 23:57:00,0.06849,0.06853,0.06843,0.06853,5437.0
2025-10-21 23:58:00,0.0685,0.06853,0.0685,0.06853,1620.0
2025-10-21 23:59:00,0.06851,0.06876,0.06847,0.06876,8808.0
2025-10-22 00:00:00,0.06869,0.06876,0.06856,0.06876,25334.0
2025-10-22 00:01:00,0.06877,0.06903,0.06877,0.06897,52409.0
2025-10-22 00:02:00,0.06888,0.06892,0.06875,0.06883,13358.0
2025-10-22 00:03:00,0.06884,0.0693,0.06879,0.06923,81590.0
2025-10-22 00:04:00,0.06923,0.06929,0.06912,0.06924,76892.0
2025-10-22 00:05:00,0.06921,0.06928,0.06914,0.06914,35846.0
2025-10-22 00:06:00,0.06906,0.06919,0.06895,0.06914,61413.0
2025-10-22 00:07:00,0.06919,0.06919,0.06883,0.0691,73264.0
2025-10-22 00:08:00,0.069,0.06903,0.06892,0.06903,60588.0
2025-10-22 00:09:00,0.069,0.069,0.06884,0.06887,107467.0
2025-10-22 00:10:00,0.06886,0.06912,0.06858,0.06912,127780.0
2025-10-22 00:11:00,0.06903,0.0691,0.06898,0.06908,25388.0
2025-10-22 00:12:00,0.06908,0.06915,0.06901,0.06915,27406.0
2025-10-22 00:13:00,0.06914,0.06918,0.06908,0.06915,11298.0
2025-10-22 00:14:00,0.0691,0.06916,0.06906,0.06913,16072.0
2025-10-22 00:15:00,0.0691,0.0692,0.06905,0.06912,12118.0
2025-10-22 00:16:00,0.06909,0.06922,0.06904,0.06919,19068.0
2025-10-22 00:17:00,0.06917,0.06921,0.06908,0.06915,6871.0
2025-10-22 00:18:00,0.06908,0.06913,0.06894,0.06896,8906.0
2025-10-22 00:19:00,0.06895,0.06901,0.06895,0.06901,10956.0
2025-10-22 00:20:00,0.06899,0.06914,0.06892,0.06912,6427.0
2025-10-22 00:21:00,0.06913,0.06925,0.06911,0.06925,11948.0
2025-10-22 00:22:00,0.06918,0.06925,0.06915,0.06923,6519.0
2025-10-22 00:23:00,0.06923,0.0693,0.06913,0.0693,11484.0
2025-10-22 00:24:00,0.0693,0.0693,0.06911,0.06924,13418.0
2025-10-22 00:25:00,0.06924,0.06931,0.06918,0.06931,11149.0
2025-10-22 00:26:00,0.06929,0.06938,0.06918,0.06922,19593.0
2025-10-22 00:27:00,0.06917,0.06922,0.0691,0.06921,16844.0
2025-10-22 00:28:00,0.06913,0.0692,0.0691,0.0692,32445.0
2025-10-22 00:29:00,0.06915,0.06917,0.06906,0.06917,9607.0
2025-10-22 00:30:00,0.06912,0.06912,0.06896,0.06901,10780.0
2025-10-22 00:31:00,0.06895,0.06909,0.06895,0.06909,18912.0
2025-10-22 00:32:00,0.06912,0.06942,0.06908,0.06932,41855.0
2025-10-22 00:33:00,0.06918,0.06924,0.06914,0.06924,5515.0
2025-10-22 00:34:00,0.06917,0.0692,0.06888,0.06891,73107.0
2025-10-22 00:35:00,0.06887,0.06889,0.06859,0.06884,63876.0
2025-10-22 00:36:00,0.06874,0.06883,0.06862,0.06881,28735.0
2025-10-22 00:37:00,0.06881,0.06907,0.06881,0.06904,14400.0
2025-10-22 00:38:00,0.06906,0.0691,0.06894,0.06895,10151.0
2025-10-22 00:39:00,0.06893,0.06916,0.06893,0.06915,8040.0
2025-10-22 00:40:00,0.06916,0.06922,0.06905,0.06909,68706.0
2025-10-22 00:41:00,0.06906,0.06929,0.06906,0.06918,22580.0
2025-10-22 00:42:00,0.06925,0.06933,0.06922,0.06932,6418.0
2025-10-22 00:43:00,0.0693,0.0694,0.0693,0.06932,23841.0
2025-10-22 00:44:00,0.06931,0.06934,0.06913,0.06922,21748.0
2025-10-22 00:45:00,0.06922,0.06925,0.0691,0.06913,6550.0
2025-10-22 00:46:00,0.0691,0.0691,0.069,0.06905,6773.0
2025-10-22 00:47:00,0.06902,0.06916,0.06902,0.06913,22593.0
2025-10-22 00:48:00,0.06909,0.06921,0.06903,0.06921,22435.0
2025-10-22 00:49:00,0.06915,0.06915,0.0689,0.06906,31374.0
2025-10-22 00:50:00,0.06895,0.06895,0.06878,0.06879,21753.0
2025-10-22 00:51:00,0.06881,0.06888,0.06876,0.06876,10685.0
2025-10-22 00:52:00,0.06876,0.06882,0.06872,0.06874,9949.0
2025-10-22 00:53:00,0.06867,0.06871,0.06863,0.06869,9350.0
2025-10-22 00:54:00,0.06864,0.06874,0.06862,0.06874,3219.0
2025-10-22 00:55:00,0.06872,0.06872,0.06865,0.06867,19808.0
2025-10-22 00:56:00,0.06864,0.06864,0.06848,0.06855,6491.0
2025-10-22 00:57:00,0.0685,0.06856,0.06845,0.06856,15417.0
2025-10-22 00:58:00,0.06849,0.06849,0.06845,0.06846,1357.0
2025-10-22 00:59:00,0.06845,0.06859,0.06842,0.06855,6998.0
2025-10-22 01:00:00,0.06856,0.06856,0.06837,0.06849,32431.0
2025-10-22 01:01:00,0.06849,0.06861,0.06842,0.06861,18314.0
2025-10-22 01:02:00,0.06856,0.06856,0.06845,0.06852,21463.0
2025-10-22 01:03:00,0.06856,0.06867,0.06853,0.06853,24896.0
2025-10-22 01:04:00,0.0685,0.06866,0.06847,0.06851,50446.0
2025-10-22 01:05:00,0.06847,0.06847,0.06845,0.06847,8222.0
2025-10-22 01:06:00,0.06848,0.06855,0.0684,0.06849,16374.0
2025-10-22 01:07:00,0.06848,0.06852,0.06848,0.06848,2086.0
2025-10-22 01:08:00,0.06848,0.0685,0.06839,0.0685,17290.0
2025-10-22 01:09:00,0.06847,0.0686,0.06847,0.06856,17804.0
2025-10-22 01:10:00,0.06844,0.06851,0.06838,0.06838,16360.0
2025-10-22 01:11:00,0.06844,0.06845,0.06834,0.06837,13512.0
2025-10-22 01:12:00,0.06839,0.06845,0.06833,0.06844,5869.0
2025-10-22 01:13:00,0.06835,0.06838,0.06823,0.06823,17134.0
2025-10-22 01:14:00,0.06832,0.06832,0.06802,0.06815,63210.0
2025-10-22 01:15:00,0.06808,0.06814,0.06802,0.06811,15833.0
2025-10-22 01:16:00,0.06811,0.0683,0.06811,0.06827,13679.0
2025-10-22 01:17:00,0.06823,0.06827,0.06816,0.0682,6027.0
2025-10-22 01:18:00,0.0682,0.06826,0.06815,0.06823,5156.0
2025-10-22 01:19:00,0.06828,0.06835,0.06828,0.06829,6799.0
2025-10-22 01:20:00,0.06832,0.06837,0.06828,0.06828,9368.0
2025-10-22 01:21:00,0.06833,0.0684,0.06833,0.0684,1136.0
2025-10-22 01:22:00,0.06838,0.06862,0.06838,0.0684,19790.0
2025-10-22 01:23:00,0.06841,0.06844,0.06838,0.06838,2929.0
2025-10-22 01:24:00,0.06835,0.06835,0.06832,0.06833,4641.0
2025-10-22 01:25:00,0.06833,0.06834,0.06824,0.06825,6866.0
2025-10-22 01:26:00,0.0682,0.06823,0.06819,0.06819,723.0
2025-10-22 01:27:00,0.06819,0.06836,0.06815,0.06836,23056.0
2025-10-22 01:28:00,0.06827,0.06827,0.0681,0.06827,41380.0
2025-10-22 01:29:00,0.06825,0.06825,0.06825,0.06825,449.0
2025-10-22 01:30:00,0.06826,0.0684,0.06825,0.0684,39836.0
2025-10-22 01:31:00,0.06839,0.0684,0.06801,0.06819,109204.0
2025-10-22 01:32:00,0.06814,0.06816,0.068,0.06806,8559.0
2025-10-22 01:33:00,0.06801,0.06838,0.06801,0.06838,36521.0
2025-10-22 01:34:00,0.06838,0.06839,0.06828,0.06828,2938.0
2025-10-22 01:35:00,0.06831,0.06836,0.06828,0.06836,1734.0
2025-10-22 01:36:00,0.06836,0.06836,0.06836,0.06836,0.0
2025-10-22 01:37:00,0.06831,0.06831,0.06831,0.06831,220.0
2025-10-22 01:38:00,0.06833,0.06834,0.06831,0.06834,6142.0
2025-10-22 01:39:00,0.06836,0.0684,0.06835,0.0684,15699.0
2025-10-22 01:40:00,0.0684,0.06843,0.0684,0.06841,3738.0
2025-10-22 01:41:00,0.06845,0.06847,0.06845,0.06847,4660.0
2025-10-22 01:42:00,0.06848,0.06857,0.06848,0.06857,31645.0
2025-10-22 01:43:00,0.06859,0.06865,0.06856,0.06862,14761.0
2025-10-22 01:44:00,0.06865,0.06867,0.0685,0.06862,32216.0
2025-10-22 01:45:00,0.06864,0.06882,0.06864,0.06871,32330.0
2025-10-22 01:46:00,0.0687,0.0687,0.06866,0.06866,1582.0
2025-10-22 01:47:00,0.06864,0.06868,0.06857,0.06868,13036.0
2025-10-22 01:48:00,0.06867,0.06867,0.06861,0.06861,382.0
2025-10-22 01:49:00,0.06859,0.06862,0.06848,0.06852,15983.0
2025-10-22 01:50:00,0.06844,0.06844,0.06832,0.06834,4193.0
2025-10-22 01:51:00,0.06834,0.06838,0.06826,0.06826,5017.0
2025-10-22 01:52:00,0.06831,0.06833,0.06828,0.06833,5251.0
2025-10-22 01:53:00,0.06831,0.06845,0.06831,0.06839,27883.0
2025-10-22 01:54:00,0.06844,0.06845,0.06844,0.06845,356.0
2025-10-22 01:55:00,0.06841,0.06846,0.06841,0.06846,7449.0
2025-10-22 01:56:00,0.06845,0.06854,0.06845,0.06851,7321.0
2025-10-22 01:57:00,0.06855,0.06855,0.06851,0.06854,4139.0
2025-10-22 01:58:00,0.06851,0.06854,0.0685,0.0685,7823.0
2025-10-22 01:59:00,0.06851,0.06853,0.0685,0.06851,1513.0
2025-10-22 02:00:00,0.06853,0.06857,0.06852,0.06852,15327.0
2025-10-22 02:01:00,0.06852,0.06855,0.06841,0.06841,8257.0
2025-10-22 02:02:00,0.0684,0.06842,0.06822,0.06832,32712.0
2025-10-22 02:03:00,0.06825,0.0683,0.06814,0.06817,17282.0
2025-10-22 02:04:00,0.06818,0.06827,0.06812,0.06821,19780.0
2025-10-22 02:05:00,0.06823,0.06846,0.06821,0.06846,18513.0
2025-10-22 02:06:00,0.06848,0.06854,0.06839,0.06839,3433.0
2025-10-22 02:07:00,0.06835,0.06848,0.06835,0.06847,10247.0
2025-10-22 02:08:00,0.06847,0.06877,0.06843,0.06875,91953.0
2025-10-22 02:09:00,0.06874,0.06889,0.06874,0.06883,21882.0
2025-10-22 02:10:00,0.06882,0.06905,0.06874,0.06896,159115.0
2025-10-22 02:11:00,0.06895,0.06897,0.06883,0.06897,11455.0
2025-10-22 02:12:00,0.06898,0.06898,0.06884,0.06885,7531.0
2025-10-22 02:13:00,0.06884,0.06884,0.06877,0.06877,7108.0
2025-10-22 02:14:00,0.06874,0.06881,0.06873,0.06881,3711.0
2025-10-22 02:15:00,0.06878,0.06885,0.06871,0.06871,19383.0
2025-10-22 02:16:00,0.0687,0.0687,0.06858,0.06858,2767.0
2025-10-22 02:17:00,0.06855,0.06863,0.06855,0.06863,3046.0
2025-10-22 02:18:00,0.06858,0.06858,0.06858,0.06858,130.0
2025-10-22 02:19:00,0.06856,0.06863,0.06856,0.06863,1380.0
2025-10-22 02:20:00,0.0686,0.06885,0.0686,0.06874,21834.0
2025-10-22 02:21:00,0.06868,0.06868,0.06861,0.06865,3191.0
2025-10-22 02:22:00,0.06861,0.06861,0.06847,0.06856,20594.0
2025-10-22 02:23:00,0.06843,0.06852,0.06838,0.06844,25395.0
2025-10-22 02:24:00,0.06843,0.06846,0.06842,0.06846,1033.0
2025-10-22 02:25:00,0.06844,0.06844,0.06844,0.06844,1324.0
2025-10-22 02:26:00,0.06844,0.06848,0.06842,0.06842,1491.0
2025-10-22 02:27:00,0.06835,0.06842,0.06834,0.06842,4050.0
2025-10-22 02:28:00,0.06844,0.06858,0.06843,0.06857,2779.0
2025-10-22 02:29:00,0.06845,0.06848,0.06842,0.06848,1412.0
2025-10-22 02:30:00,0.06846,0.06846,0.06841,0.06844,1728.0
2025-10-22 02:31:00,0.06844,0.06848,0.06844,0.06844,2513.0
2025-10-22 02:32:00,0.06841,0.06844,0.06839,0.06844,1493.0
2025-10-22 02:33:00,0.06839,0.06839,0.06834,0.06835,1119.0
2025-10-22 02:34:00,0.06833,0.06838,0.06829,0.06829,1454.0
2025-10-22 02:35:00,0.06829,0.06836,0.06826,0.06836,10393.0
2025-10-22 02:36:00,0.06832,0.06837,0.06827,0.06831,4224.0
2025-10-22 02:37:00,0.06827,0.06827,0.06808,0.06808,7856.0
2025-10-22 02:38:00,0.06809,0.06819,0.06808,0.06814,17028.0
2025-10-22 02:39:00,0.06807,0.06819,0.06805,0.06819,2799.0
2025-10-22 02:40:00,0.06813,0.06822,0.06809,0.06822,9210.0
2025-10-22 02:41:00,0.06824,0.06829,0.06822,0.06822,3148.0
2025-10-22 02:42:00,0.06821,0.0683,0.06821,0.0683,12061.0
2025-10-22 02:43:00,0.06828,0.06833,0.06823,0.06823,5086.0
2025-10-22 02:44:00,0.06825,0.06826,0.06825,0.06826,155.0
2025-10-22 02:45:00,0.06822,0.06827,0.06821,0.06827,7281.0
2025-10-22 02:46:00,0.06835,0.06838,0.06829,0.06835,6535.0
2025-10-22 02:47:00,0.06831,0.06855,0.06826,0.06849,62779.0
2025-10-22 02:48:00,0.06847,0.06857,0.06844,0.0685,9629.0
2025-10-22 02:49:00,0.06852,0.06852,0.06835,0.06835,8387.0
2025-10-22 02:50:00,0.06837,0.06841,0.06835,0.06835,3660.0
2025-10-22 02:51:00,0.06839,0.06854,0.06839,0.0685,10532.0
2025-10-22 02:52:00,0.0685,0.0686,0.06848,0.06856,24904.0
2025-10-22 02:53:00,0.06855,0.06855,0.06853,0.06853,1456.0
2025-10-22 02:54:00,0.06843,0.06843,0.06836,0.06841,15004.0
2025-10-22 02:55:00,0.06842,0.06842,0.06831,0.06834,1375.0
2025-10-22 02:56:00,0.06833,0.06836,0.06831,0.06831,1593.0
2025-10-22 02:57:00,0.06837,0.0684,0.06835,0.0684,5201.0
2025-10-22 02:58:00,0.06838,0.06843,0.06836,0.06843,2377.0
2025-10-22 02:59:00,0.06846,0.06851,0.06845,0.06845,2201.0
2025-10-22 03:00:00,0.06846,0.06846,0.06833,0.06833,6078.0
2025-10-22 03:01:00,0.06832,0.06832,0.0682,0.06825,19557.0
2025-10-22 03:02:00,0.06828,0.06828,0.06813,0.06824,31021.0
2025-10-22 03:03:00,0.06827,0.06834,0.06823,0.06828,34035.0
2025-10-22 03:04:00,0.06828,0.06842,0.06825,0.0683,16146.0
2025-10-22 03:05:00,0.06835,0.06842,0.06833,0.06839,30582.0
2025-10-22 03:06:00,0.06843,0.06846,0.06839,0.06846,3774.0
2025-10-22 03:07:00,0.06841,0.06857,0.06833,0.06852,96248.0
2025-10-22 03:08:00,0.06851,0.0686,0.06848,0.06855,19844.0
2025-10-22 03:09:00,0.06858,0.06865,0.06849,0.06849,30050.0
2025-10-22 03:10:00,0.06845,0.06854,0.06845,0.06854,2718.0
2025-10-22 03:11:00,0.06852,0.06855,0.06852,0.06855,1526.0
2025-10-22 03:12:00,0.06855,0.06855,0.06837,0.06837,10142.0
2025-10-22 03:13:00,0.06842,0.06849,0.0684,0.06845,15944.0
2025-10-22 03:14:00,0.06847,0.0685,0.06844,0.06849,2683.0
2025-10-22 03:15:00,0.06846,0.06846,0.06844,0.06844,2592.0
2025-10-22 03:16:00,0.0684,0.06853,0.06838,0.0685,9357.0
2025-10-22 03:17:00,0.0685,0.06855,0.0685,0.06855,794.0
2025-10-22 03:18:00,0.06857,0.06865,0.0685,0.06852,22030.0
2025-10-22 03:19:00,0.06853,0.06859,0.0685,0.06858,24490.0
2025-10-22 03:20:00,0.06852,0.06852,0.06843,0.06849,14655.0
2025-10-22 03:21:00,0.06845,0.06853,0.06845,0.06847,5472.0
2025-10-22 03:22:00,0.06852,0.06853,0.0685,0.0685,1368.0
2025-10-22 03:23:00,0.06851,0.06855,0.06851,0.06855,6944.0
2025-10-22 03:24:00,0.06859,0.06862,0.06848,0.06855,10907.0
2025-10-22 03:25:00,0.06856,0.06863,0.06856,0.06859,13908.0
2025-10-22 03:26:00,0.06864,0.06876,0.06864,0.06876,31404.0
2025-10-22 03:27:00,0.06876,0.06877,0.06872,0.06872,5713.0
2025-10-22 03:28:00,0.06878,0.06902,0.06878,0.06902,91127.0
2025-10-22 03:29:00,0.06902,0.06902,0.06882,0.06882,11253.0
2025-10-22 03:30:00,0.06882,0.06882,0.06863,0.06871,15939.0
2025-10-22 03:31:00,0.06872,0.06877,0.06872,0.06877,1309.0
2025-10-22 03:32:00,0.06884,0.06903,0.06884,0.06894,17898.0
2025-10-22 03:33:00,0.06897,0.069,0.06894,0.06894,10791.0
2025-10-22 03:34:00,0.06896,0.06896,0.0689,0.0689,3856.0
2025-10-22 03:35:00,0.06886,0.06893,0.06878,0.06878,6965.0
2025-10-22 03:36:00,0.06883,0.0689,0.06883,0.06885,2897.0
2025-10-22 03:37:00,0.06886,0.06891,0.06886,0.06891,4443.0
2025-10-22 03:38:00,0.06891,0.06891,0.06882,0.06882,9662.0
2025-10-22 03:39:00,0.06884,0.06884,0.06884,0.06884,238.0
2025-10-22 03:40:00,0.06881,0.06881,0.06866,0.06871,19846.0
2025-10-22 03:41:00,0.06874,0.06891,0.06874,0.06876,13036.0
2025-10-22 03:42:00,0.06889,0.06896,0.06888,0.06896,1555.0
2025-10-22 03:43:00,0.06893,0.06897,0.0689,0.06897,14219.0
2025-10-22 03:44:00,0.06891,0.06891,0.06891,0.06891,290.0
2025-10-22 03:45:00,0.06894,0.06895,0.06893,0.06893,1371.0
2025-10-22 03:46:00,0.06898,0.06898,0.06893,0.06897,1233.0
2025-10-22 03:47:00,0.06898,0.06898,0.06893,0.06898,2041.0
2025-10-22 03:48:00,0.06895,0.0691,0.06891,0.06891,37376.0
2025-10-22 03:49:00,0.06903,0.06903,0.06897,0.06897,1111.0
2025-10-22 03:50:00,0.06901,0.0693,0.06901,0.06927,65450.0
2025-10-22 03:51:00,0.06926,0.06957,0.06926,0.06947,70630.0
2025-10-22 03:52:00,0.06951,0.06951,0.0694,0.06951,13074.0
2025-10-22 03:53:00,0.06949,0.06957,0.06948,0.06948,4416.0
2025-10-22 03:54:00,0.06953,0.06957,0.06941,0.0695,8808.0
2025-10-22 03:55:00,0.06949,0.06955,0.06949,0.06955,899.0
2025-10-22 03:56:00,0.06954,0.06964,0.06954,0.06959,9949.0
2025-10-22 03:57:00,0.06961,0.06961,0.06961,0.06961,5465.0
2025-10-22 03:58:00,0.06966,0.06988,0.06962,0.06978,22674.0
2025-10-22 03:59:00,0.06978,0.06978,0.06972,0.06975,2696.0
2025-10-22 04:00:00,0.06972,0.06984,0.0697,0.06976,49874.0
2025-10-22 04:01:00,0.06975,0.06989,0.0697,0.0697,32017.0
2025-10-22 04:02:00,0.0697,0.06998,0.06965,0.06984,79229.0
2025-10-22 04:03:00,0.0699,0.06991,0.06962,0.06989,31149.0
2025-10-22 04:04:00,0.0698,0.06992,0.06978,0.06988,28102.0
2025-10-22 04:05:00,0.06988,0.06988,0.06971,0.06985,32638.0
2025-10-22 04:06:00,0.06987,0.06989,0.06985,0.06986,3237.0
2025-10-22 04:07:00,0.06988,0.06995,0.06972,0.06976,15051.0
2025-10-22 04:08:00,0.06973,0.06978,0.06957,0.06957,14657.0
2025-10-22 04:09:00,0.06954,0.06958,0.06922,0.0693,136124.0
2025-10-22 04:10:00,0.06932,0.06949,0.06925,0.06931,92251.0
2025-10-22 04:11:00,0.06936,0.06937,0.06908,0.06914,18765.0
2025-10-22 04:12:00,0.0691,0.06917,0.06908,0.06914,9287.0
2025-10-22 04:13:00,0.06917,0.06923,0.06916,0.06921,13481.0
2025-10-22 04:14:00,0.06914,0.06914,0.06914,0.06914,234.0
2025-10-22 04:15:00,0.06916,0.06935,0.06914,0.06914,46800.0
2025-10-22 04:16:00,0.06914,0.06916,0.06914,0.06916,3935.0
2025-10-22 04:17:00,0.06916,0.06916,0.06901,0.06908,7925.0
2025-10-22 04:18:00,0.069,0.069,0.069,0.069,126.0
2025-10-22 04:19:00,0.06901,0.06902,0.0689,0.0689,3728.0
2025-10-22 04:20:00,0.06889,0.06889,0.06884,0.06884,7037.0
2025-10-22 04:21:00,0.06883,0.06884,0.06882,0.06884,9503.0
2025-10-22 04:22:00,0.06882,0.06887,0.06882,0.06887,1270.0
2025-10-22 04:23:00,0.06884,0.06903,0.06884,0.069,28296.0
2025-10-22 04:24:00,0.069,0.06913,0.069,0.06913,22927.0
2025-10-22 04:25:00,0.06906,0.06906,0.06894,0.06902,8202.0
2025-10-22 04:26:00,0.06899,0.06899,0.06893,0.06893,396.0
2025-10-22 04:27:00,0.0689,0.06891,0.06884,0.06884,2711.0
2025-10-22 04:28:00,0.06884,0.06884,0.06883,0.06883,4866.0
2025-10-22 04:29:00,0.06884,0.06894,0.06872,0.06876,59399.0
2025-10-22 04:30:00,0.06872,0.06876,0.0687,0.06873,3892.0
2025-10-22 04:31:00,0.06874,0.06875,0.06864,0.06866,15635.0
2025-10-22 04:32:00,0.06868,0.06884,0.06868,0.06882,7935.0
2025-10-22 04:33:00,0.0688,0.0689,0.0688,0.06882,18490.0
2025-10-22 04:34:00,0.06882,0.06882,0.06873,0.06873,1981.0
2025-10-22 04:35:00,0.06872,0.06879,0.06836,0.06861,377010.0
2025-10-22 04:36:00,0.06856,0.06856,0.06848,0.06855,18092.0
2025-10-22 04:37:00,0.0685,0.0688,0.0685,0.06877,18960.0
2025-10-22 04:38:00,0.06882,0.06882,0.06877,0.06877,1247.0
2025-10-22 04:39:00,0.0688,0.0688,0.06866,0.06866,8681.0
2025-10-22 04:40:00,0.06872,0.06879,0.06872,0.06879,3833.0
2025-10-22 04:41:00,0.06879,0.06901,0.06869,0.06896,207184.0
2025-10-22 04:42:00,0.06895,0.06911,0.0689,0.06907,17614.0
2025-10-22 04:43:00,0.06916,0.06916,0.06889,0.06896,13747.0
2025-10-22 04:44:00,0.06891,0.06891,0.06891,0.06891,381.0
2025-10-22 04:45:00,0.0689,0.06912,0.06889,0.06912,39517.0
2025-10-22 04:46:00,0.06907,0.06911,0.06902,0.06902,11065.0
2025-10-22 04:47:00,0.06905,0.06911,0.06903,0.06903,9008.0
2025-10-22 04:48:00,0.06903,0.06903,0.06902,0.06903,3701.0
2025-10-22 04:49:00,0.069,0.069,0.06887,0.06895,7459.0
2025-10-22 04:50:00,0.06893,0.06905,0.06893,0.06899,23428.0
2025-10-22 04:51:00,0.06892,0.06892,0.0688,0.0689,12468.0
2025-10-22 04:52:00,0.06886,0.06889,0.06885,0.06889,1803.0
2025-10-22 04:53:00,0.06889,0.06908,0.06889,0.06899,40808.0
2025-10-22 04:54:00,0.06903,0.06911,0.0689,0.06899,27849.0
2025-10-22 04:55:00,0.06897,0.06909,0.06894,0.06906,11687.0
2025-10-22 04:56:00,0.06905,0.06906,0.06896,0.06896,2609.0
2025-10-22 04:57:00,0.06904,0.06904,0.06893,0.06893,1736.0
2025-10-22 04:58:00,0.06888,0.06888,0.06885,0.06885,2079.0
2025-10-22 04:59:00,0.06889,0.06889,0.06889,0.06889,73.0
2025-10-22 05:00:00,0.06883,0.06894,0.06876,0.06876,6749.0
2025-10-22 05:01:00,0.06875,0.06889,0.06871,0.06887,20440.0
2025-10-22 05:02:00,0.06886,0.06889,0.06867,0.06874,23803.0
2025-10-22 05:03:00,0.06875,0.069,0.06873,0.06882,47128.0
2025-10-22 05:04:00,0.06886,0.06899,0.06886,0.06899,14702.0
2025-10-22 05:05:00,0.06904,0.06904,0.06893,0.06898,2797.0
2025-10-22 05:06:00,0.06898,0.06898,0.06898,0.06898,327.0
2025-10-22 05:07:00,0.06898,0.069,0.0689,0.06895,5357.0
2025-10-22 05:08:00,0.06895,0.06895,0.06894,0.06894,723.0
2025-10-22 05:09:00,0.06889,0.06895,0.06889,0.06894,5178.0
2025-10-22 05:10:00,0.06895,0.06918,0.06895,0.06918,41877.0
2025-10-22 05:11:00,0.06912,0.06919,0.06907,0.06912,32989.0
2025-10-22 05:12:00,0.0692,0.06925,0.06915,0.06919,6598.0
2025-10-22 05:13:00,0.06925,0.06936,0.06921,0.06934,26092.0
2025-10-22 05:14:00,0.06926,0.06926,0.06906,0.06913,9888.0
2025-10-22 05:15:00,0.06912,0.06917,0.06906,0.06908,7586.0
2025-10-22 05:16:00,0.06915,0.06919,0.06905,0.06905,12938.0
2025-10-22 05:17:00,0.06905,0.06905,0.06902,0.06902,960.0
2025-10-22 05:18:00,0.06912,0.06912,0.06899,0.06899,3783.0
2025-10-22 05:19:00,0.06899,0.06899,0.06876,0.06876,35804.0
2025-10-22 05:20:00,0.06884,0.06884,0.06873,0.06876,4484.0
2025-10-22 05:21:00,0.06876,0.06885,0.06868,0.06875,11846.0
2025-10-22 05:22:00,0.06872,0.06872,0.0686,0.0686,24272.0
2025-10-22 05:23:00,0.06863,0.06873,0.06863,0.06871,15125.0
2025-10-22 05:24:00,0.06867,0.06877,0.06867,0.06874,15426.0
2025-10-22 05:25:00,0.0687,0.06871,0.06865,0.06865,2373.0
2025-10-22 05:26:00,0.06857,0.06857,0.06836,0.06836,37336.0
2025-10-22 05:27:00,0.06841,0.06851,0.06841,0.0685,11943.0
2025-10-22 05:28:00,0.0685,0.06871,0.06846,0.06868,65299.0
2025-10-22 05:29:00,0.06869,0.06874,0.06862,0.06866,8984.0
2025-10-22 05:30:00,0.06867,0.06873,0.06864,0.06867,7597.0
2025-10-22 05:31:00,0.06868,0.06868,0.06855,0.06855,9958.0
2025-10-22 05:32:00,0.06871,0.06874,0.06864,0.06874,23354.0
2025-10-22 05:33:00,0.06872,0.06882,0.06872,0.06874,9467.0
2025-10-22 05:34:00,0.06875,0.06879,0.06853,0.06856,30202.0
2025-10-22 05:35:00,0.06853,0.06853,0.06826,0.06853,160773.0
2025-10-22 05:36:00,0.0684,0.06854,0.06836,0.06854,13875.0
2025-10-22 05:37:00,0.06853,0.06865,0.06853,0.06865,2702.0
2025-10-22 05:38:00,0.06867,0.06875,0.06867,0.06874,9283.0
2025-10-22 05:39:00,0.06871,0.06874,0.06866,0.06871,8432.0
2025-10-22 05:40:00,0.06871,0.06874,0.06866,0.06874,1538.0
2025-10-22 05:41:00,0.0688,0.0689,0.0688,0.06883,17248.0
2025-10-22 05:42:00,0.06888,0.06888,0.06883,0.06887,792.0
2025-10-22 05:43:00,0.06884,0.06884,0.06871,0.06871,3411.0
2025-10-22 05:44:00,0.06866,0.06866,0.06856,0.06862,12684.0
2025-10-22 05:45:00,0.06862,0.06862,0.06862,0.06862,0.0
2025-10-22 05:46:00,0.06862,0.06862,0.06859,0.06859,3564.0
2025-10-22 05:47:00,0.06862,0.06864,0.06859,0.06864,2426.0
2025-10-22 05:48:00,0.06873,0.06902,0.06873,0.06893,19524.0
2025-10-22 05:49:00,0.06901,0.06901,0.06886,0.06889,14229.0
2025-10-22 05:50:00,0.06888,0.0689,0.06881,0.06884,5542.0
2025-10-22 05:51:00,0.06883,0.06883,0.06878,0.06878,445.0
2025-10-22 05:52:00,0.06873,0.06873,0.0686,0.0686,3123.0
2025-10-22 05:53:00,0.06859,0.06863,0.06854,0.06859,19776.0
2025-10-22 05:54:00,0.06859,0.06859,0.06845,0.06845,1337.0
2025-10-22 05:55:00,0.06845,0.06855,0.06843,0.06855,10632.0
2025-10-22 05:56:00,0.06851,0.06854,0.06851,0.06854,2081.0
2025-10-22 05:57:00,0.06856,0.06864,0.06856,0.06858,15050.0
2025-10-22 05:58:00,0.06856,0.06869,0.06856,0.06868,5983.0
2025-10-22 05:59:00,0.06867,0.06893,0.06866,0.06873,87089.0
2025-10-22 06:00:00,0.06871,0.06875,0.0686,0.06865,4401.0
2025-10-22 06:01:00,0.0686,0.06867,0.0686,0.06865,16126.0
2025-10-22 06:02:00,0.06868,0.06868,0.06852,0.0686,31563.0
2025-10-22 06:03:00,0.0686,0.06873,0.06856,0.06869,8788.0
2025-10-22 06:04:00,0.06869,0.06871,0.06839,0.06871,133476.0
2025-10-22 06:05:00,0.06873,0.06887,0.06873,0.06884,16471.0
2025-10-22 06:06:00,0.06892,0.06896,0.06865,0.06871,78067.0
2025-10-22 06:07:00,0.06873,0.06882,0.06872,0.06879,12852.0
2025-10-22 06:08:00,0.06882,0.06896,0.06882,0.06884,5582.0
2025-10-22 06:09:00,0.06885,0.06885,0.06874,0.06874,13907.0
2025-10-22 06:10:00,0.06875,0.06878,0.06866,0.06878,3191.0
2025-10-22 06:11:00,0.06878,0.06879,0.06872,0.06872,2796.0
2025-10-22 06:12:00,0.06873,0.06891,0.06868,0.06888,70494.0
2025-10-22 06:13:00,0.06888,0.06892,0.06864,0.06875,60589.0
2025-10-22 06:14:00,0.06869,0.06888,0.06869,0.06882,11381.0
2025-10-22 06:15:00,0.06882,0.06882,0.06875,0.06875,2074.0
2025-10-22 06:16:00,0.06874,0.06878,0.06868,0.0687,3141.0
2025-10-22 06:17:00,0.06867,0.06867,0.0686,0.0686,1480.0
2025-10-22 06:18:00,0.0686,0.0686,0.06855,0.06855,2530.0
2025-10-22 06:19:00,0.0686,0.06867,0.0686,0.06867,4652.0
2025-10-22 06:20:00,0.06868,0.0688,0.06868,0.06873,4208.0
2025-10-22 06:21:00,0.06876,0.06876,0.06872,0.06876,3359.0
2025-10-22 06:22:00,0.06874,0.06891,0.06874,0.06886,13028.0
2025-10-22 06:23:00,0.06892,0.06895,0.06888,0.06892,1512.0
2025-10-22 06:24:00,0.0689,0.069,0.0689,0.069,7823.0
2025-10-22 06:25:00,0.06902,0.06943,0.06902,0.06925,58790.0
2025-10-22 06:26:00,0.06926,0.06942,0.06919,0.06921,162203.0
2025-10-22 06:27:00,0.06929,0.06933,0.06928,0.06928,3188.0
2025-10-22 06:28:00,0.06927,0.06928,0.06916,0.06916,10768.0
2025-10-22 06:29:00,0.06914,0.06914,0.06908,0.06913,2000.0
2025-10-22 06:30:00,0.06908,0.06935,0.06908,0.06935,16717.0
2025-10-22 06:31:00,0.06933,0.06937,0.06924,0.06928,7507.0
2025-10-22 06:32:00,0.06922,0.06922,0.06902,0.06902,5615.0
2025-10-22 06:33:00,0.06905,0.06926,0.06905,0.06926,15178.0
2025-10-22 06:34:00,0.0692,0.06925,0.0692,0.06925,2533.0
2025-10-22 06:35:00,0.0692,0.06923,0.0692,0.06923,4537.0
2025-10-22 06:36:00,0.06925,0.06936,0.06916,0.06936,13292.0
2025-10-22 06:37:00,0.06929,0.06929,0.06922,0.06922,2347.0
2025-10-22 06:38:00,0.06922,0.06942,0.0692,0.06934,84394.0
2025-10-22 06:39:00,0.06934,0.06937,0.06921,0.06921,28715.0
2025-10-22 06:40:00,0.06917,0.0692,0.06915,0.06919,1607.0
2025-10-22 06:41:00,0.0692,0.0692,0.06913,0.06913,6245.0
2025-10-22 06:42:00,0.06914,0.06917,0.0691,0.06917,2555.0
2025-10-22 06:43:00,0.06917,0.06917,0.06905,0.06905,2201.0
2025-10-22 06:44:00,0.06909,0.06909,0.06909,0.06909,152.0
2025-10-22 06:45:00,0.06909,0.06909,0.06909,0.06909,0.0
2025-10-22 06:46:00,0.06916,0.06924,0.06916,0.06924,1810.0
2025-10-22 06:47:00,0.06924,0.0694,0.06924,0.06933,36562.0
2025-10-22 06:48:00,0.06932,0.06953,0.06932,0.06953,7911.0
2025-10-22 06:49:00,0.06957,0.0698,0.06945,0.0695,35124.0
2025-10-22 06:50:00,0.06953,0.06968,0.06953,0.06963,40270.0
2025-10-22 06:51:00,0.06959,0.06959,0.06942,0.06942,10817.0
2025-10-22 06:52:00,0.06941,0.06941,0.0694,0.0694,2184.0
2025-10-22 06:53:00,0.0694,0.06954,0.0694,0.06948,2913.0
2025-10-22 06:54:00,0.06943,0.06951,0.06936,0.06945,10257.0
2025-10-22 06:55:00,0.0695,0.06961,0.06948,0.0696,10534.0
2025-10-22 06:56:00,0.06956,0.06961,0.06954,0.06956,4031.0
2025-10-22 06:57:00,0.06954,0.06966,0.06951,0.06966,6377.0
2025-10-22 06:58:00,0.06959,0.06968,0.06958,0.06961,9154.0
2025-10-22 06:59:00,0.0696,0.06964,0.06948,0.06964,11740.0
2025-10-22 07:00:00,0.06957,0.06957,0.06926,0.06926,24151.0
2025-10-22 07:01:00,0.06929,0.06947,0.06929,0.06943,11567.0
2025-10-22 07:02:00,0.06941,0.06942,0.0693,0.06937,10395.0
2025-10-22 07:03:00,0.06931,0.06931,0.06919,0.06919,10486.0
2025-10-22 07:04:00,0.06923,0.06929,0.06915,0.06924,27072.0
2025-10-22 07:05:00,0.06921,0.06921,0.06898,0.06901,16591.0
2025-10-22 07:06:00,0.06901,0.06906,0.0689,0.06899,10336.0
2025-10-22 07:07:00,0.06904,0.06922,0.06904,0.0692,78745.0
2025-10-22 07:08:00,0.06918,0.06921,0.06907,0.06919,13959.0
2025-10-22 07:09:00,0.06916,0.0692,0.06907,0.06912,52114.0
2025-10-22 07:10:00,0.06906,0.06919,0.06905,0.06909,30703.0
2025-10-22 07:11:00,0.06911,0.06915,0.06911,0.06911,1570.0
2025-10-22 07:12:00,0.06911,0.06918,0.06911,0.06918,1236.0
2025-10-22 07:13:00,0.06921,0.06932,0.06919,0.06932,11749.0
2025-10-22 07:14:00,0.06918,0.06918,0.06908,0.06908,10589.0
2025-10-22 07:15:00,0.06914,0.06923,0.06914,0.06923,8787.0
2025-10-22 07:16:00,0.06921,0.06921,0.06919,0.06919,4472.0
2025-10-22 07:17:00,0.06919,0.06919,0.06919,0.06919,1637.0
2025-10-22 07:18:00,0.06917,0.06923,0.06914,0.06914,14337.0
2025-10-22 07:19:00,0.0691,0.06922,0.06909,0.06922,1071.0
2025-10-22 07:20:00,0.06918,0.06918,0.06913,0.06914,1955.0
2025-10-22 07:21:00,0.06914,0.06917,0.06914,0.06917,2117.0
2025-10-22 07:22:00,0.06912,0.06912,0.06912,0.06912,544.0
2025-10-22 07:23:00,0.06912,0.06912,0.06912,0.06912,0.0
2025-10-22 07:24:00,0.06914,0.06918,0.06914,0.06918,5452.0
2025-10-22 07:25:00,0.06914,0.0693,0.06914,0.06924,1394.0
2025-10-22 07:26:00,0.06924,0.06924,0.06897,0.06903,20545.0
2025-10-22 07:27:00,0.06902,0.06928,0.06902,0.06918,72105.0
2025-10-22 07:28:00,0.06919,0.06919,0.06918,0.06918,645.0
2025-10-22 07:29:00,0.06923,0.06925,0.06923,0.06924,1952.0
2025-10-22 07:30:00,0.06927,0.0695,0.0692,0.06933,81075.0
2025-10-22 07:31:00,0.06932,0.06938,0.06932,0.06938,2396.0
2025-10-22 07:32:00,0.06944,0.06948,0.06939,0.06948,20046.0
2025-10-22 07:33:00,0.06948,0.06948,0.06948,0.06948,218.0
2025-10-22 07:34:00,0.0695,0.06958,0.06942,0.06947,16928.0
2025-10-22 07:35:00,0.06953,0.06953,0.06939,0.06941,6252.0
2025-10-22 07:36:00,0.06944,0.06951,0.06942,0.06949,4389.0
2025-10-22 07:37:00,0.06949,0.06949,0.06942,0.06942,2307.0
2025-10-22 07:38:00,0.06941,0.06943,0.06938,0.06943,2223.0
2025-10-22 07:39:00,0.06949,0.06958,0.06949,0.06958,1584.0
2025-10-22 07:40:00,0.06957,0.06957,0.06952,0.06952,4074.0
2025-10-22 07:41:00,0.06951,0.06951,0.06951,0.06951,378.0
2025-10-22 07:42:00,0.06956,0.06967,0.06956,0.06967,25040.0
2025-10-22 07:43:00,0.06966,0.06966,0.06952,0.06963,23134.0
2025-10-22 07:44:00,0.06964,0.06964,0.06964,0.06964,320.0
2025-10-22 07:45:00,0.0696,0.0696,0.0695,0.0695,10927.0
2025-10-22 07:46:00,0.06945,0.06945,0.06908,0.06908,43509.0
2025-10-22 07:47:00,0.06912,0.0692,0.06903,0.06915,35349.0
2025-10-22 07:48:00,0.069,0.06907,0.06898,0.06907,1430.0
2025-10-22 07:49:00,0.069,0.06916,0.069,0.06914,16649.0
2025-10-22 07:50:00,0.06912,0.06912,0.06907,0.0691,3528.0
2025-10-22 07:51:00,0.06915,0.06915,0.0691,0.0691,1641.0
2025-10-22 07:52:00,0.06911,0.06915,0.06908,0.06908,38237.0
2025-10-22 07:53:00,0.06912,0.06916,0.06906,0.06906,5385.0
2025-10-22 07:54:00,0.06907,0.06924,0.06907,0.06918,11551.0
2025-10-22 07:55:00,0.06918,0.06931,0.06918,0.06931,10126.0
2025-10-22 07:56:00,0.06929,0.06929,0.06912,0.06922,72844.0
2025-10-22 07:57:00,0.06921,0.06924,0.06918,0.06919,2374.0
2025-10-22 07:58:00,0.06921,0.06928,0.06918,0.06921,37962.0
2025-10-22 07:59:00,0.06925,0.06925,0.06919,0.06919,942.0
2025-10-22 08:00:00,0.06917,0.06917,0.06888,0.06907,72690.0
2025-10-22 08:01:00,0.06907,0.06916,0.06904,0.06909,5533.0
2025-10-22 08:02:00,0.06903,0.06906,0.06894,0.06899,17765.0
2025-10-22 08:03:00,0.06906,0.06924,0.06906,0.06913,44685.0
2025-10-22 08:04:00,0.06917,0.06922,0.06915,0.06921,13172.0
2025-10-22 08:05:00,0.06918,0.06923,0.06909,0.06912,36041.0
2025-10-22 08:06:00,0.06909,0.06919,0.06903,0.06906,25921.0
2025-10-22 08:07:00,0.06907,0.06908,0.06904,0.06904,1241.0
2025-10-22 08:08:00,0.06907,0.06907,0.06904,0.06904,1737.0
2025-10-22 08:09:00,0.06904,0.06913,0.06904,0.0691,4145.0
2025-10-22 08:10:00,0.06905,0.06905,0.06895,0.06895,1322.0
2025-10-22 08:11:00,0.06894,0.06894,0.06877,0.06877,7156.0
2025-10-22 08:12:00,0.06875,0.0688,0.06861,0.06865,7349.0
2025-10-22 08:13:00,0.06865,0.06865,0.06855,0.06864,14100.0
2025-10-22 08:14:00,0.06866,0.06889,0.06866,0.06882,14816.0
2025-10-22 08:15:00,0.06881,0.06881,0.06878,0.06879,9653.0
2025-10-22 08:16:00,0.06884,0.06884,0.0688,0.06883,1739.0
2025-10-22 08:17:00,0.06883,0.06885,0.06881,0.06883,1775.0
2025-10-22 08:18:00,0.06878,0.06878,0.06877,0.06877,2683.0
2025-10-22 08:19:00,0.06877,0.06877,0.06871,0.06871,6095.0
2025-10-22 08:20:00,0.06871,0.06871,0.0687,0.0687,748.0
2025-10-22 08:21:00,0.06869,0.06872,0.06866,0.06866,5581.0
2025-10-22 08:22:00,0.06869,0.06871,0.06869,0.06871,5099.0
2025-10-22 08:23:00,0.06872,0.06873,0.06871,0.06873,5830.0
2025-10-22 08:24:00,0.06872,0.06872,0.06872,0.06872,238.0
2025-10-22 08:25:00,0.06877,0.06877,0.06876,0.06876,994.0
2025-10-22 08:26:00,0.06876,0.06879,0.0687,0.06871,16820.0
2025-10-22 08:27:00,0.06874,0.06875,0.06866,0.06871,13150.0
2025-10-22 08:28:00,0.06872,0.06881,0.06872,0.06875,11798.0
2025-10-22 08:29:00,0.06875,0.06875,0.06875,0.06875,0.0
2025-10-22 08:30:00,0.06873,0.06886,0.06873,0.06881,9424.0
2025-10-22 08:31:00,0.06883,0.06886,0.06878,0.06878,12518.0
2025-10-22 08:32:00,0.06879,0.06881,0.06877,0.06881,2220.0
2025-10-22 08:33:00,0.06885,0.0689,0.06885,0.0689,7738.0
2025-10-22 08:34:00,0.06882,0.06883,0.06882,0.06883,1638.0
2025-10-22 08:35:00,0.06884,0.06884,0.06882,0.06882,825.0
2025-10-22 08:36:00,0.06884,0.06891,0.0688,0.06891,7164.0
2025-10-22 08:37:00,0.0689,0.0689,0.06885,0.06885,8804.0
2025-10-22 08:38:00,0.06885,0.06887,0.06878,0.06881,57464.0
2025-10-22 08:39:00,0.06883,0.06884,0.06879,0.06884,1711.0
2025-10-22 08:40:00,0.06878,0.06887,0.06878,0.06887,5178.0
2025-10-22 08:41:00,0.06889,0.06891,0.06885,0.06885,6770.0
2025-10-22 08:42:00,0.06884,0.06889,0.06882,0.06884,6368.0
2025-10-22 08:43:00,0.0689,0.06899,0.06889,0.06893,9196.0
2025-10-22 08:44:00,0.06897,0.069,0.06893,0.069,7088.0
2025-10-22 08:45:00,0.06899,0.06899,0.06887,0.06898,10304.0
2025-10-22 08:46:00,0.06893,0.06895,0.06888,0.06895,14467.0
2025-10-22 08:47:00,0.06895,0.06896,0.06891,0.06891,1733.0
2025-10-22 08:48:00,0.06891,0.06891,0.0689,0.0689,238.0
2025-10-22 08:49:00,0.0689,0.0689,0.06883,0.0689,17134.0
2025-10-22 08:50:00,0.0689,0.06893,0.06889,0.06893,27895.0
2025-10-22 08:51:00,0.06895,0.069,0.06893,0.069,3169.0
2025-10-22 08:52:00,0.06894,0.06896,0.06894,0.06896,382.0
2025-10-22 08:53:00,0.06892,0.06896,0.06872,0.06878,21316.0
2025-10-22 08:54:00,0.06879,0.06882,0.06879,0.06882,1762.0
2025-10-22 08:55:00,0.06882,0.06892,0.06882,0.06892,15285.0
2025-10-22 08:56:00,0.06886,0.06886,0.06881,0.06881,1673.0
2025-10-22 08:57:00,0.06885,0.06887,0.0688,0.0688,9943.0
2025-10-22 08:58:00,0.06882,0.06894,0.06882,0.06894,11162.0
2025-10-22 08:59:00,0.06891,0.06895,0.06891,0.06895,147.0
2025-10-22 09:00:00,0.06896,0.06922,0.06895,0.06922,18353.0
