timestamp,open,high,low,close,volume
2025-11-08 07:00:00,0.03959,0.03969,0.03953,0.03963,479114.0
2025-11-08 07:01:00,0.03962,0.03967,0.03944,0.0395,795285.0
2025-11-08 07:02:00,0.0395,0.03967,0.03938,0.03965,523316.0
2025-11-08 07:03:00,0.03966,0.03968,0.03942,0.03948,719023.0
2025-11-08 07:04:00,0.0395,0.03954,0.03937,0.03954,299984.0
2025-11-08 07:05:00,0.03953,0.03963,0.03947,0.0396,238125.0
2025-11-08 07:06:00,0.03961,0.03961,0.03952,0.03957,137023.0
2025-11-08 07:07:00,0.03957,0.03957,0.03938,0.03947,323287.0
2025-11-08 07:08:00,0.03948,0.03952,0.03937,0.0394,459421.0
2025-11-08 07:09:00,0.0394,0.03943,0.03938,0.0394,103894.0
2025-11-08 07:10:00,0.0394,0.0395,0.03938,0.03948,222375.0
2025-11-08 07:11:00,0.03947,0.03952,0.03921,0.03925,503451.0
2025-11-08 07:12:00,0.03925,0.03929,0.03865,0.03924,4610756.0
2025-11-08 07:13:00,0.03924,0.03927,0.03873,0.03877,1024687.0
2025-11-08 07:14:00,0.03878,0.03892,0.03869,0.03884,1303958.0
2025-11-08 07:15:00,0.03887,0.03902,0.03886,0.03898,445431.0
2025-11-08 07:16:00,0.03895,0.03897,0.03884,0.03892,427059.0
2025-11-08 07:17:00,0.03889,0.03898,0.03882,0.03897,388104.0
2025-11-08 07:18:00,0.03896,0.03917,0.03896,0.03913,273326.0
2025-11-08 07:19:00,0.03914,0.03923,0.03909,0.03912,405636.0
2025-11-08 07:20:00,0.03912,0.03936,0.0391,0.03934,569622.0
2025-11-08 07:21:00,0.03935,0.03964,0.03935,0.03942,531699.0
2025-11-08 07:22:00,0.0394,0.03942,0.03919,0.03921,393773.0
2025-11-08 07:23:00,0.03924,0.03926,0.039,0.03903,643842.0
2025-11-08 07:24:00,0.03902,0.03916,0.03902,0.03905,301199.0
2025-11-08 07:25:00,0.03905,0.03908,0.03896,0.03896,395188.0
2025-11-08 07:26:00,0.03898,0.03904,0.03886,0.039,366134.0
2025-11-08 07:27:00,0.039,0.03913,0.03899,0.03909,218053.0
2025-11-08 07:28:00,0.03908,0.03928,0.039,0.03911,744063.0
2025-11-08 07:29:00,0.0391,0.03925,0.03905,0.03924,187001.0
2025-11-08 07:30:00,0.03924,0.03937,0.0392,0.03921,205917.0
2025-11-08 07:31:00,0.03921,0.03955,0.03921,0.03953,398435.0
2025-11-08 07:32:00,0.03953,0.03959,0.03945,0.03954,408461.0
2025-11-08 07:33:00,0.03954,0.0396,0.03937,0.03955,495264.0
2025-11-08 07:34:00,0.03952,0.03969,0.03951,0.03958,411994.0
2025-11-08 07:35:00,0.03959,0.0396,0.03913,0.03919,466830.0
2025-11-08 07:36:00,0.03922,0.03928,0.0392,0.03927,254395.0
2025-11-08 07:37:00,0.03927,0.0395,0.03919,0.03935,546109.0
2025-11-08 07:38:00,0.03935,0.03937,0.03913,0.03919,375153.0
2025-11-08 07:39:00,0.03919,0.03922,0.03908,0.03908,152668.0
2025-11-08 07:40:00,0.03908,0.03922,0.03907,0.03912,244427.0
2025-11-08 07:41:00,0.03912,0.03922,0.03907,0.03921,177120.0
2025-11-08 07:42:00,0.03921,0.03923,0.03902,0.03904,380113.0
2025-11-08 07:43:00,0.03904,0.03907,0.03891,0.03902,437827.0
2025-11-08 07:44:00,0.039,0.03911,0.0389,0.03908,466224.0
2025-11-08 07:45:00,0.03909,0.03913,0.03901,0.03906,303635.0
2025-11-08 07:46:00,0.03904,0.03907,0.03882,0.03901,1024426.0
2025-11-08 07:47:00,0.03901,0.03907,0.03883,0.03883,454145.0
2025-11-08 07:48:00,0.03885,0.03917,0.03885,0.03913,625219.0
2025-11-08 07:49:00,0.03914,0.03924,0.03908,0.03915,249375.0
2025-11-08 07:50:00,0.03915,0.03915,0.03861,0.0389,1130885.0
2025-11-08 07:51:00,0.03891,0.03906,0.03891,0.03893,549348.0
2025-11-08 07:52:00,0.03895,0.03905,0.03895,0.03901,182425.0
2025-11-08 07:53:00,0.03901,0.03903,0.03895,0.03898,238110.0
2025-11-08 07:54:00,0.03899,0.03909,0.03895,0.03899,549876.0
2025-11-08 07:55:00,0.03902,0.03906,0.03896,0.03896,327357.0
2025-11-08 07:56:00,0.03897,0.03908,0.03896,0.03908,156670.0
2025-11-08 07:57:00,0.03907,0.0391,0.03898,0.039,490656.0
2025-11-08 07:58:00,0.039,0.03909,0.039,0.03905,158374.0
2025-11-08 07:59:00,0.03905,0.03906,0.03897,0.03899,230028.0
2025-11-08 08:00:00,0.03899,0.03908,0.03888,0.03898,437536.0
2025-11-08 08:01:00,0.03897,0.03899,0.03879,0.03889,512194.0
2025-11-08 08:02:00,0.0389,0.03909,0.0389,0.03902,314421.0
2025-11-08 08:03:00,0.03902,0.0391,0.03893,0.039,779075.0
2025-11-08 08:04:00,0.03901,0.0392,0.03897,0.03913,337896.0
2025-11-08 08:05:00,0.03914,0.03918,0.03903,0.03912,306155.0
2025-11-08 08:06:00,0.0391,0.03928,0.0391,0.03925,631472.0
2025-11-08 08:07:00,0.03925,0.03936,0.03922,0.03925,483089.0
2025-11-08 08:08:00,0.03925,0.0393,0.03906,0.03913,421742.0
2025-11-08 08:09:00,0.03911,0.0393,0.0391,0.03929,273897.0
2025-11-08 08:10:00,0.03929,0.03929,0.03912,0.03913,279389.0
2025-11-08 08:11:00,0.03914,0.03915,0.03891,0.03891,432816.0
2025-11-08 08:12:00,0.03894,0.03894,0.03883,0.03888,462035.0
2025-11-08 08:13:00,0.03889,0.03899,0.03884,0.03894,279201.0
2025-11-08 08:14:00,0.03894,0.03926,0.03892,0.0392,843686.0
2025-11-08 08:15:00,0.03922,0.03922,0.03904,0.03904,759794.0
2025-11-08 08:16:00,0.03906,0.03907,0.03885,0.039,385462.0
2025-11-08 08:17:00,0.03901,0.03901,0.03865,0.03873,1727011.0
2025-11-08 08:18:00,0.03874,0.03883,0.03855,0.03881,939073.0
2025-11-08 08:19:00,0.03881,0.03881,0.0386,0.03863,343757.0
2025-11-08 08:20:00,0.03863,0.03868,0.03823,0.03841,2731777.0
2025-11-08 08:21:00,0.0384,0.03874,0.0384,0.03863,1059566.0
2025-11-08 08:22:00,0.03862,0.03879,0.03858,0.03859,358429.0
2025-11-08 08:23:00,0.03858,0.0386,0.03837,0.03851,720415.0
2025-11-08 08:24:00,0.03852,0.03862,0.03849,0.03858,424929.0
2025-11-08 08:25:00,0.0386,0.0387,0.0386,0.03865,196101.0
2025-11-08 08:26:00,0.03866,0.03869,0.03861,0.03866,127437.0
2025-11-08 08:27:00,0.03865,0.03881,0.03865,0.03878,399303.0
2025-11-08 08:28:00,0.03878,0.03879,0.03857,0.03858,352625.0
2025-11-08 08:29:00,0.03858,0.03871,0.03854,0.03857,426517.0
2025-11-08 08:30:00,0.03857,0.03863,0.03853,0.03853,243584.0
2025-11-08 08:31:00,0.03855,0.03863,0.03851,0.03862,166688.0
2025-11-08 08:32:00,0.0386,0.03866,0.03851,0.03855,350502.0
2025-11-08 08:33:00,0.03857,0.03871,0.03855,0.03871,194066.0
2025-11-08 08:34:00,0.03871,0.03873,0.03863,0.03868,140451.0
2025-11-08 08:35:00,0.03868,0.03882,0.03866,0.03872,541005.0
2025-11-08 08:36:00,0.03872,0.03875,0.03866,0.03866,138169.0
2025-11-08 08:37:00,0.03866,0.03885,0.03866,0.03871,408869.0
2025-11-08 08:38:00,0.03873,0.03873,0.03829,0.03846,896634.0
2025-11-08 08:39:00,0.03846,0.0385,0.0383,0.03842,578758.0
2025-11-08 08:40:00,0.03841,0.03861,0.03837,0.03856,300167.0
2025-11-08 08:41:00,0.03854,0.03867,0.03853,0.03858,671714.0
2025-11-08 08:42:00,0.03857,0.03866,0.03853,0.03861,222249.0
2025-11-08 08:43:00,0.03862,0.0387,0.03857,0.03864,398286.0
2025-11-08 08:44:00,0.03867,0.03876,0.03862,0.0387,471523.0
2025-11-08 08:45:00,0.0387,0.03884,0.03868,0.03878,478313.0
2025-11-08 08:46:00,0.03879,0.03896,0.03876,0.03889,539973.0
2025-11-08 08:47:00,0.0389,0.03914,0.03881,0.03891,1133430.0
2025-11-08 08:48:00,0.03891,0.03909,0.03888,0.03905,369035.0
2025-11-08 08:49:00,0.03906,0.03941,0.03899,0.03921,1329300.0
2025-11-08 08:50:00,0.0392,0.03934,0.03905,0.03929,802396.0
2025-11-08 08:51:00,0.03928,0.03951,0.03904,0.03949,2059411.0
2025-11-08 08:52:00,0.03951,0.03951,0.03934,0.03941,938881.0
2025-11-08 08:53:00,0.03941,0.03942,0.03921,0.03925,740845.0
2025-11-08 08:54:00,0.03925,0.03986,0.03925,0.03985,2772760.0
2025-11-08 08:55:00,0.03982,0.03996,0.03948,0.03991,2793710.0
2025-11-08 08:56:00,0.03993,0.03996,0.03978,0.03986,879564.0
2025-11-08 08:57:00,0.03986,0.03994,0.03963,0.03963,782670.0
2025-11-08 08:58:00,0.03962,0.03972,0.03943,0.0395,1057351.0
2025-11-08 08:59:00,0.03949,0.03955,0.03931,0.03937,1085220.0
2025-11-08 09:00:00,0.03934,0.03967,0.03926,0.03964,1494969.0
2025-11-08 09:01:00,0.03963,0.03979,0.03941,0.03974,913431.0
2025-11-08 09:02:00,0.03975,0.04005,0.03963,0.03992,2249042.0
2025-11-08 09:03:00,0.03991,0.03992,0.03975,0.03979,916605.0
2025-11-08 09:04:00,0.0398,0.03999,0.03947,0.03959,1250931.0
2025-11-08 09:05:00,0.0396,0.03967,0.03937,0.03937,1089780.0
2025-11-08 09:06:00,0.0394,0.0394,0.03916,0.03924,1085908.0
2025-11-08 09:07:00,0.03926,0.03946,0.03916,0.03946,1115900.0
2025-11-08 09:08:00,0.03944,0.03946,0.03912,0.03918,930862.0
2025-11-08 09:09:00,0.03919,0.03935,0.03913,0.03934,247558.0
2025-11-08 09:10:00,0.03934,0.03934,0.03917,0.03921,367844.0
2025-11-08 09:11:00,0.03921,0.03931,0.03915,0.03931,377022.0
2025-11-08 09:12:00,0.03931,0.03931,0.03917,0.03924,238114.0
2025-11-08 09:13:00,0.03924,0.03925,0.03885,0.03898,1662184.0
2025-11-08 09:14:00,0.03899,0.03901,0.03845,0.03865,3947898.0
2025-11-08 09:15:00,0.03865,0.0387,0.03839,0.03851,1824726.0
2025-11-08 09:16:00,0.03851,0.03866,0.03844,0.03864,1402581.0
2025-11-08 09:17:00,0.03865,0.0388,0.03858,0.03865,1059684.0
2025-11-08 09:18:00,0.03865,0.03898,0.03863,0.03893,543188.0
2025-11-08 09:19:00,0.03892,0.03896,0.03861,0.03861,886425.0
2025-11-08 09:20:00,0.03862,0.03877,0.03845,0.03873,799088.0
2025-11-08 09:21:00,0.03872,0.03913,0.03866,0.03907,1380174.0
2025-11-08 09:22:00,0.03908,0.03908,0.03881,0.03889,489735.0
2025-11-08 09:23:00,0.0389,0.03901,0.03888,0.03892,375365.0
2025-11-08 09:24:00,0.03891,0.03928,0.03888,0.03921,1299722.0
2025-11-08 09:25:00,0.03921,0.03926,0.03902,0.03908,439965.0
2025-11-08 09:26:00,0.03905,0.03915,0.03895,0.03899,376203.0
2025-11-08 09:27:00,0.03898,0.03902,0.03883,0.0389,440470.0
2025-11-08 09:28:00,0.03889,0.03903,0.03884,0.03896,303345.0
2025-11-08 09:29:00,0.03896,0.03899,0.03865,0.03882,1031957.0
2025-11-08 09:30:00,0.03883,0.0389,0.03863,0.03868,408073.0
2025-11-08 09:31:00,0.03868,0.03878,0.0386,0.03874,424139.0
2025-11-08 09:32:00,0.03874,0.03893,0.03868,0.03892,328157.0
2025-11-08 09:33:00,0.03891,0.03896,0.03884,0.03895,441496.0
2025-11-08 09:34:00,0.03894,0.03906,0.0389,0.03899,520597.0
2025-11-08 09:35:00,0.03898,0.03923,0.03895,0.0392,521517.0
2025-11-08 09:36:00,0.03919,0.03937,0.03908,0.03922,1012371.0
2025-11-08 09:37:00,0.03923,0.03924,0.03908,0.03914,716804.0
2025-11-08 09:38:00,0.03915,0.03919,0.03903,0.03911,285292.0
2025-11-08 09:39:00,0.0391,0.0391,0.03898,0.039,235485.0
2025-11-08 09:40:00,0.039,0.03915,0.03894,0.03905,275468.0
2025-11-08 09:41:00,0.03905,0.03913,0.03898,0.03898,334364.0
2025-11-08 09:42:00,0.03898,0.03903,0.03892,0.03896,272439.0
2025-11-08 09:43:00,0.03897,0.03911,0.03885,0.03906,763454.0
2025-11-08 09:44:00,0.03907,0.03967,0.03902,0.03941,1160692.0
2025-11-08 09:45:00,0.03941,0.03961,0.03934,0.03957,662033.0
2025-11-08 09:46:00,0.03957,0.03959,0.03945,0.03948,536175.0
2025-11-08 09:47:00,0.03952,0.03959,0.039,0.03905,1712412.0
2025-11-08 09:48:00,0.03903,0.03928,0.0389,0.03912,1114324.0
2025-11-08 09:49:00,0.03912,0.03915,0.03898,0.03905,602607.0
2025-11-08 09:50:00,0.03907,0.03928,0.03905,0.03917,253482.0
2025-11-08 09:51:00,0.03919,0.03919,0.03861,0.03873,1290664.0
2025-11-08 09:52:00,0.03873,0.03881,0.03865,0.03868,706441.0
2025-11-08 09:53:00,0.0387,0.03876,0.03855,0.03873,520462.0
2025-11-08 09:54:00,0.03871,0.03884,0.03865,0.03881,298507.0
2025-11-08 09:55:00,0.03881,0.03886,0.03865,0.03869,761899.0
2025-11-08 09:56:00,0.0387,0.03875,0.0385,0.03856,1110085.0
2025-11-08 09:57:00,0.03857,0.03865,0.0385,0.03863,753138.0
2025-11-08 09:58:00,0.03861,0.03875,0.03858,0.03868,455702.0
2025-11-08 09:59:00,0.0387,0.03899,0.0387,0.03885,773771.0
2025-11-08 10:00:00,0.03886,0.03887,0.03867,0.03876,600837.0
2025-11-08 10:01:00,0.03877,0.03896,0.03875,0.03896,372000.0
2025-11-08 10:02:00,0.03894,0.03904,0.03889,0.03894,539703.0
2025-11-08 10:03:00,0.03894,0.03904,0.03874,0.03896,627169.0
2025-11-08 10:04:00,0.03898,0.039,0.03878,0.03883,639986.0
2025-11-08 10:05:00,0.03884,0.03885,0.03865,0.03871,322995.0
2025-11-08 10:06:00,0.03871,0.03904,0.03864,0.03887,873897.0
2025-11-08 10:07:00,0.03888,0.03903,0.03879,0.03883,386925.0
2025-11-08 10:08:00,0.03883,0.03885,0.03876,0.0388,232219.0
2025-11-08 10:09:00,0.0388,0.03899,0.03879,0.03879,179163.0
2025-11-08 10:10:00,0.03878,0.03889,0.03875,0.03885,387897.0
2025-11-08 10:11:00,0.03886,0.03896,0.03877,0.03886,276039.0
2025-11-08 10:12:00,0.03887,0.03893,0.03876,0.03879,428275.0
2025-11-08 10:13:00,0.03878,0.03891,0.03873,0.03882,301320.0
2025-11-08 10:14:00,0.03881,0.03893,0.03881,0.03883,90920.0
2025-11-08 10:15:00,0.03882,0.03898,0.03881,0.03892,193918.0
2025-11-08 10:16:00,0.03893,0.03903,0.03884,0.03888,741854.0
2025-11-08 10:17:00,0.03888,0.039,0.0388,0.03881,334790.0
2025-11-08 10:18:00,0.03883,0.03912,0.03882,0.039,637156.0
2025-11-08 10:19:00,0.03901,0.03922,0.0389,0.0392,561974.0
2025-11-08 10:20:00,0.03922,0.03925,0.03899,0.03905,646121.0
2025-11-08 10:21:00,0.03907,0.0391,0.03898,0.03902,187707.0
2025-11-08 10:22:00,0.03901,0.03901,0.03894,0.03901,130028.0
2025-11-08 10:23:00,0.03901,0.03909,0.03885,0.03885,337419.0
2025-11-08 10:24:00,0.03886,0.03896,0.03884,0.03894,130185.0
2025-11-08 10:25:00,0.03892,0.03908,0.03891,0.03905,188742.0
2025-11-08 10:26:00,0.03906,0.03911,0.03898,0.03899,220396.0
2025-11-08 10:27:00,0.03899,0.039,0.03888,0.03892,167879.0
2025-11-08 10:28:00,0.0389,0.03908,0.0389,0.03905,231337.0
2025-11-08 10:29:00,0.03904,0.03907,0.03895,0.03901,218358.0
2025-11-08 10:30:00,0.03901,0.03914,0.03901,0.03906,277260.0
2025-11-08 10:31:00,0.03907,0.03919,0.03899,0.03902,410966.0
2025-11-08 10:32:00,0.03901,0.03911,0.03891,0.03897,604539.0
2025-11-08 10:33:00,0.03898,0.03898,0.03889,0.03892,209509.0
2025-11-08 10:34:00,0.03892,0.03894,0.03888,0.03892,161365.0
2025-11-08 10:35:00,0.03892,0.03917,0.03887,0.03893,770416.0
2025-11-08 10:36:00,0.03894,0.03905,0.03877,0.03905,372003.0
2025-11-08 10:37:00,0.03901,0.03905,0.03891,0.03891,219956.0
2025-11-08 10:38:00,0.03894,0.03896,0.03887,0.03894,166622.0
2025-11-08 10:39:00,0.03895,0.03902,0.03883,0.03897,363601.0
2025-11-08 10:40:00,0.03897,0.03897,0.03884,0.03888,186614.0
2025-11-08 10:41:00,0.03888,0.03891,0.03866,0.03869,564957.0
2025-11-08 10:42:00,0.03869,0.03872,0.0386,0.03863,582744.0
2025-11-08 10:43:00,0.03866,0.03869,0.0386,0.03866,126103.0
2025-11-08 10:44:00,0.03864,0.0387,0.0386,0.03864,204468.0
2025-11-08 10:45:00,0.03863,0.03879,0.03855,0.03876,721433.0
2025-11-08 10:46:00,0.03877,0.0389,0.03874,0.03885,164667.0
2025-11-08 10:47:00,0.03884,0.03884,0.03879,0.03882,104478.0
2025-11-08 10:48:00,0.03883,0.03891,0.03882,0.03887,134787.0
2025-11-08 10:49:00,0.03886,0.03899,0.03876,0.0389,435678.0
2025-11-08 10:50:00,0.03889,0.03903,0.03887,0.03893,240533.0
2025-11-08 10:51:00,0.03892,0.03898,0.03885,0.0389,225405.0
2025-11-08 10:52:00,0.03888,0.03895,0.03869,0.03874,458477.0
2025-11-08 10:53:00,0.03875,0.03878,0.03862,0.0387,638962.0
2025-11-08 10:54:00,0.0387,0.03876,0.03855,0.03861,364037.0
2025-11-08 10:55:00,0.03861,0.03862,0.03834,0.03851,1973237.0
2025-11-08 10:56:00,0.03853,0.03865,0.03852,0.03862,465733.0
2025-11-08 10:57:00,0.03863,0.03884,0.03862,0.03875,501735.0
2025-11-08 10:58:00,0.03875,0.03879,0.03864,0.03875,362628.0
2025-11-08 10:59:00,0.03876,0.03881,0.03873,0.03874,214625.0
2025-11-08 11:00:00,0.03874,0.03885,0.03869,0.0387,425520.0
2025-11-08 11:01:00,0.0387,0.03873,0.03855,0.03868,298590.0
2025-11-08 11:02:00,0.03868,0.03872,0.03859,0.03869,325587.0
2025-11-08 11:03:00,0.0387,0.03897,0.0387,0.03894,673010.0
2025-11-08 11:04:00,0.03893,0.03894,0.03882,0.03888,370076.0
2025-11-08 11:05:00,0.03889,0.03908,0.03889,0.03894,501193.0
2025-11-08 11:06:00,0.03893,0.03896,0.03887,0.0389,258412.0
2025-11-08 11:07:00,0.0389,0.03904,0.0389,0.0389,453212.0
2025-11-08 11:08:00,0.03892,0.0391,0.03892,0.03906,189733.0
2025-11-08 11:09:00,0.03906,0.03913,0.03905,0.0391,435496.0
2025-11-08 11:10:00,0.03909,0.03938,0.03909,0.0393,813995.0
2025-11-08 11:11:00,0.03928,0.03929,0.03912,0.0392,580142.0
2025-11-08 11:12:00,0.0392,0.03929,0.03908,0.03913,926722.0
2025-11-08 11:13:00,0.03915,0.03921,0.03911,0.03916,216693.0
2025-11-08 11:14:00,0.03917,0.03924,0.03914,0.03922,343814.0
2025-11-08 11:15:00,0.03922,0.03923,0.03898,0.03903,671992.0
2025-11-08 11:16:00,0.03903,0.0391,0.03894,0.0391,233783.0
2025-11-08 11:17:00,0.0391,0.03914,0.03887,0.03892,361030.0
2025-11-08 11:18:00,0.03892,0.03903,0.03886,0.03903,308097.0
2025-11-08 11:19:00,0.03904,0.03912,0.03901,0.03904,172689.0
2025-11-08 11:20:00,0.03904,0.03905,0.03894,0.03898,390756.0
2025-11-08 11:21:00,0.039,0.03901,0.03893,0.039,197966.0
2025-11-08 11:22:00,0.03897,0.03922,0.03897,0.03918,567095.0
2025-11-08 11:23:00,0.03919,0.03923,0.03901,0.03905,406788.0
2025-11-08 11:24:00,0.03903,0.03922,0.03903,0.0392,186702.0
2025-11-08 11:25:00,0.03921,0.03921,0.03909,0.03909,324953.0
2025-11-08 11:26:00,0.0391,0.03937,0.03908,0.03934,767397.0
2025-11-08 11:27:00,0.03934,0.03953,0.03918,0.03951,1959600.0
2025-11-08 11:28:00,0.0395,0.03973,0.03936,0.03956,2171863.0
2025-11-08 11:29:00,0.03955,0.03981,0.03941,0.0398,2115598.0
2025-11-08 11:30:00,0.0398,0.03998,0.03958,0.0396,1646166.0
2025-11-08 11:31:00,0.0396,0.03971,0.03953,0.03971,438738.0
2025-11-08 11:32:00,0.03971,0.03971,0.03945,0.03952,571893.0
2025-11-08 11:33:00,0.03952,0.03969,0.03942,0.03945,589489.0
2025-11-08 11:34:00,0.03945,0.03972,0.03941,0.0397,415380.0
2025-11-08 11:35:00,0.03971,0.03979,0.03969,0.03978,401593.0
2025-11-08 11:36:00,0.03979,0.03986,0.03966,0.03971,844274.0
2025-11-08 11:37:00,0.03972,0.03973,0.0395,0.03956,706413.0
2025-11-08 11:38:00,0.03957,0.03966,0.03912,0.03928,1728900.0
2025-11-08 11:39:00,0.03928,0.03946,0.03927,0.03938,1177521.0
2025-11-08 11:40:00,0.03937,0.03942,0.03932,0.03942,232289.0
2025-11-08 11:41:00,0.03943,0.03947,0.03923,0.03929,534946.0
2025-11-08 11:42:00,0.03929,0.0394,0.03922,0.03937,606427.0
2025-11-08 11:43:00,0.03937,0.03972,0.03937,0.03966,858292.0
2025-11-08 11:44:00,0.03966,0.03987,0.03962,0.03974,1439585.0
2025-11-08 11:45:00,0.03972,0.03992,0.03971,0.03982,744545.0
2025-11-08 11:46:00,0.03983,0.04007,0.03979,0.03987,2217744.0
2025-11-08 11:47:00,0.03988,0.03988,0.03948,0.03949,876817.0
2025-11-08 11:48:00,0.03951,0.03961,0.03906,0.03932,1884672.0
2025-11-08 11:49:00,0.03931,0.03932,0.03913,0.03923,540326.0
2025-11-08 11:50:00,0.03924,0.03925,0.03906,0.03912,612320.0
2025-11-08 11:51:00,0.03914,0.03928,0.03905,0.03925,570444.0
2025-11-08 11:52:00,0.03925,0.03926,0.03916,0.03917,207853.0
2025-11-08 11:53:00,0.03916,0.03925,0.0391,0.03925,184292.0
2025-11-08 11:54:00,0.03926,0.03937,0.03925,0.03925,331665.0
2025-11-08 11:55:00,0.03924,0.03929,0.03918,0.03929,176205.0
2025-11-08 11:56:00,0.03927,0.03927,0.03906,0.03909,507061.0
2025-11-08 11:57:00,0.0391,0.03955,0.03908,0.03937,1732449.0
2025-11-08 11:58:00,0.03936,0.03943,0.03928,0.03942,369206.0
2025-11-08 11:59:00,0.03942,0.03964,0.03938,0.0394,871580.0
2025-11-08 12:00:00,0.03941,0.03956,0.03939,0.03945,380774.0
2025-11-08 12:01:00,0.03945,0.03979,0.03943,0.03973,1223220.0
2025-11-08 12:02:00,0.03976,0.03986,0.03969,0.03983,683337.0
2025-11-08 12:03:00,0.03984,0.03989,0.03969,0.03983,995365.0
2025-11-08 12:04:00,0.03983,0.03992,0.03978,0.03987,449979.0
2025-11-08 12:05:00,0.03987,0.04,0.03987,0.03992,227308.0
2025-11-08 12:06:00,0.03993,0.03999,0.03975,0.03981,725411.0
2025-11-08 12:07:00,0.03983,0.03985,0.03964,0.03965,268066.0
2025-11-08 12:08:00,0.03964,0.03974,0.03931,0.03952,896226.0
2025-11-08 12:09:00,0.03952,0.03967,0.03952,0.03957,671063.0
2025-11-08 12:10:00,0.03958,0.03964,0.03937,0.03943,693387.0
2025-11-08 12:11:00,0.03943,0.03959,0.03942,0.03948,296971.0
2025-11-08 12:12:00,0.03948,0.03958,0.03934,0.03943,493070.0
2025-11-08 12:13:00,0.03942,0.03946,0.03921,0.03928,345876.0
2025-11-08 12:14:00,0.03928,0.03933,0.03907,0.03913,1677349.0
2025-11-08 12:15:00,0.03913,0.03926,0.03906,0.03925,477162.0
2025-11-08 12:16:00,0.03926,0.03932,0.0392,0.03924,454443.0
2025-11-08 12:17:00,0.03926,0.03941,0.03925,0.03937,206662.0
2025-11-08 12:18:00,0.03938,0.03939,0.03917,0.0392,186993.0
2025-11-08 12:19:00,0.03919,0.03923,0.03913,0.03917,184749.0
2025-11-08 12:20:00,0.03917,0.03932,0.03913,0.03925,340987.0
2025-11-08 12:21:00,0.03925,0.03931,0.03923,0.03923,139162.0
2025-11-08 12:22:00,0.03923,0.03942,0.03922,0.03939,590191.0
2025-11-08 12:23:00,0.03938,0.03939,0.03927,0.03928,132351.0
2025-11-08 12:24:00,0.0393,0.03936,0.03929,0.03933,83428.0
2025-11-08 12:25:00,0.03932,0.03933,0.03915,0.03918,446320.0
2025-11-08 12:26:00,0.03917,0.03917,0.03911,0.03913,258003.0
2025-11-08 12:27:00,0.03914,0.03916,0.03906,0.03908,151268.0
2025-11-08 12:28:00,0.03909,0.03921,0.03906,0.03916,612805.0
2025-11-08 12:29:00,0.03917,0.0392,0.03905,0.03908,110099.0
2025-11-08 12:30:00,0.03907,0.03916,0.03906,0.03911,320172.0
2025-11-08 12:31:00,0.03912,0.0392,0.03905,0.03907,477942.0
2025-11-08 12:32:00,0.03907,0.03926,0.03905,0.03924,307803.0
2025-11-08 12:33:00,0.03923,0.03923,0.03908,0.03917,296971.0
2025-11-08 12:34:00,0.03917,0.03917,0.03905,0.03908,145417.0
2025-11-08 12:35:00,0.03909,0.03922,0.03908,0.03918,167571.0
2025-11-08 12:36:00,0.03919,0.03919,0.03914,0.03916,108234.0
2025-11-08 12:37:00,0.03917,0.03917,0.03906,0.03906,224186.0
2025-11-08 12:38:00,0.03907,0.03908,0.03859,0.03878,2379912.0
2025-11-08 12:39:00,0.0388,0.03882,0.03839,0.03873,2039276.0
2025-11-08 12:40:00,0.03873,0.03912,0.03872,0.03898,1109566.0
2025-11-08 12:41:00,0.03898,0.03918,0.03897,0.03914,639035.0
2025-11-08 12:42:00,0.03914,0.03927,0.03912,0.03922,372674.0
2025-11-08 12:43:00,0.03919,0.03928,0.03917,0.03924,313206.0
2025-11-08 12:44:00,0.03923,0.03923,0.03912,0.03912,377509.0
2025-11-08 12:45:00,0.03913,0.03942,0.03913,0.03932,648908.0
2025-11-08 12:46:00,0.03934,0.03949,0.03933,0.03936,314071.0
2025-11-08 12:47:00,0.03935,0.03938,0.0393,0.03934,162338.0
2025-11-08 12:48:00,0.03936,0.03945,0.03933,0.03936,312687.0
2025-11-08 12:49:00,0.03935,0.03939,0.03921,0.03924,194436.0
2025-11-08 12:50:00,0.03925,0.03945,0.03921,0.03938,551336.0
2025-11-08 12:51:00,0.03938,0.03941,0.03931,0.03934,210202.0
2025-11-08 12:52:00,0.03934,0.03934,0.03914,0.0392,427770.0
2025-11-08 12:53:00,0.03921,0.03927,0.03913,0.03924,455570.0
2025-11-08 12:54:00,0.03922,0.03934,0.03916,0.03929,392601.0
2025-11-08 12:55:00,0.03931,0.03934,0.03915,0.03917,309225.0
2025-11-08 12:56:00,0.03917,0.03922,0.03913,0.03918,107085.0
2025-11-08 12:57:00,0.03918,0.03922,0.03904,0.03911,303977.0
2025-11-08 12:58:00,0.03912,0.03923,0.03912,0.03916,191857.0
2025-11-08 12:59:00,0.03915,0.03922,0.03914,0.0392,67440.0
2025-11-08 13:00:00,0.0392,0.0392,0.03886,0.03891,555892.0
2025-11-08 13:01:00,0.03891,0.03895,0.03874,0.03886,915344.0
2025-11-08 13:02:00,0.03887,0.039,0.03884,0.0389,318992.0
2025-11-08 13:03:00,0.0389,0.03908,0.03886,0.0389,634637.0
2025-11-08 13:04:00,0.0389,0.03908,0.03888,0.03899,772127.0
2025-11-08 13:05:00,0.03898,0.03901,0.03893,0.03901,515996.0
2025-11-08 13:06:00,0.03901,0.03902,0.03879,0.03882,502552.0
2025-11-08 13:07:00,0.03883,0.03893,0.03871,0.03886,805970.0
2025-11-08 13:08:00,0.03887,0.03914,0.03887,0.03912,407485.0
2025-11-08 13:09:00,0.03912,0.03917,0.03904,0.03914,215603.0
2025-11-08 13:10:00,0.03912,0.03921,0.03899,0.03901,488441.0
2025-11-08 13:11:00,0.03901,0.03911,0.039,0.03905,295758.0
2025-11-08 13:12:00,0.03905,0.03908,0.03893,0.03893,234510.0
2025-11-08 13:13:00,0.03895,0.03898,0.03887,0.03898,380953.0
2025-11-08 13:14:00,0.03899,0.039,0.03872,0.03886,797980.0
2025-11-08 13:15:00,0.03887,0.03892,0.03873,0.03887,520023.0
2025-11-08 13:16:00,0.03888,0.03896,0.03862,0.0388,854722.0
2025-11-08 13:17:00,0.03881,0.03882,0.03864,0.03874,435159.0
2025-11-08 13:18:00,0.03874,0.03888,0.03872,0.03886,144193.0
2025-11-08 13:19:00,0.03885,0.03902,0.0388,0.03894,602996.0
2025-11-08 13:20:00,0.03894,0.03894,0.03884,0.03885,54481.0
2025-11-08 13:21:00,0.03885,0.03889,0.03864,0.03868,208393.0
2025-11-08 13:22:00,0.03869,0.03893,0.03864,0.03884,421302.0
2025-11-08 13:23:00,0.03884,0.03887,0.03876,0.03879,98272.0
2025-11-08 13:24:00,0.03878,0.03885,0.03876,0.03879,258242.0
2025-11-08 13:25:00,0.03878,0.03902,0.03876,0.03898,444449.0
2025-11-08 13:26:00,0.03897,0.03897,0.0388,0.0388,127274.0
2025-11-08 13:27:00,0.03882,0.03892,0.03879,0.03886,114399.0
2025-11-08 13:28:00,0.03886,0.03887,0.03881,0.03883,21222.0
2025-11-08 13:29:00,0.03882,0.03886,0.03868,0.03881,333503.0
2025-11-08 13:30:00,0.0388,0.03881,0.03864,0.03872,253423.0
2025-11-08 13:31:00,0.03868,0.03868,0.03844,0.0386,659594.0
2025-11-08 13:32:00,0.03861,0.03887,0.03861,0.03886,438347.0
2025-11-08 13:33:00,0.03885,0.03891,0.0386,0.03863,705475.0
2025-11-08 13:34:00,0.03863,0.03874,0.03861,0.03864,438105.0
2025-11-08 13:35:00,0.03863,0.03874,0.03853,0.03867,538180.0
2025-11-08 13:36:00,0.03866,0.03885,0.03863,0.03877,436565.0
2025-11-08 13:37:00,0.03879,0.03883,0.03873,0.03873,158329.0
2025-11-08 13:38:00,0.03873,0.03892,0.03871,0.03873,350811.0
2025-11-08 13:39:00,0.03873,0.03877,0.0387,0.03871,134459.0
2025-11-08 13:40:00,0.03872,0.03879,0.03863,0.03873,212434.0
2025-11-08 13:41:00,0.03873,0.03881,0.0387,0.03881,156723.0
2025-11-08 13:42:00,0.03879,0.03883,0.03867,0.03871,309255.0
2025-11-08 13:43:00,0.0387,0.03872,0.03864,0.03866,220625.0
2025-11-08 13:44:00,0.03867,0.03871,0.03861,0.03866,134480.0
2025-11-08 13:45:00,0.03866,0.0388,0.03859,0.03878,145407.0
2025-11-08 13:46:00,0.03877,0.03879,0.03865,0.0387,235190.0
2025-11-08 13:47:00,0.03869,0.0387,0.03858,0.0386,224747.0
2025-11-08 13:48:00,0.03861,0.03871,0.03858,0.03859,251170.0
2025-11-08 13:49:00,0.0386,0.03873,0.0386,0.03863,222644.0
2025-11-08 13:50:00,0.03864,0.03881,0.03863,0.03873,437359.0
2025-11-08 13:51:00,0.03874,0.03874,0.03855,0.03868,338962.0
2025-11-08 13:52:00,0.03868,0.0387,0.03845,0.03851,858784.0
2025-11-08 13:53:00,0.03852,0.03852,0.03831,0.03842,793426.0
2025-11-08 13:54:00,0.03843,0.03856,0.03842,0.03856,385116.0
2025-11-08 13:55:00,0.03853,0.03856,0.03833,0.03842,428220.0
2025-11-08 13:56:00,0.03841,0.03849,0.03832,0.03845,672033.0
2025-11-08 13:57:00,0.03846,0.03855,0.03844,0.03847,202358.0
2025-11-08 13:58:00,0.03849,0.03863,0.03848,0.03857,210145.0
2025-11-08 13:59:00,0.03857,0.0386,0.03834,0.03838,467146.0
2025-11-08 14:00:00,0.03837,0.03842,0.03801,0.03812,3046063.0
2025-11-08 14:01:00,0.03812,0.03819,0.0375,0.03784,4749879.0
2025-11-08 14:02:00,0.03784,0.03793,0.03761,0.03781,1484922.0
2025-11-08 14:03:00,0.0378,0.03792,0.03764,0.03788,1181326.0
2025-11-08 14:04:00,0.03789,0.03796,0.03764,0.03767,1272318.0
2025-11-08 14:05:00,0.03768,0.03782,0.03766,0.03773,433640.0
2025-11-08 14:06:00,0.03774,0.03777,0.03727,0.03732,3639179.0
2025-11-08 14:07:00,0.03735,0.03744,0.0372,0.03725,1899335.0
2025-11-08 14:08:00,0.03728,0.0377,0.03728,0.03766,2048214.0
2025-11-08 14:09:00,0.03763,0.03773,0.03752,0.03769,692136.0
2025-11-08 14:10:00,0.03768,0.03768,0.037,0.03744,3245236.0
2025-11-08 14:11:00,0.03745,0.03747,0.03734,0.03743,462363.0
2025-11-08 14:12:00,0.03744,0.03752,0.03734,0.03741,1061505.0
2025-11-08 14:13:00,0.03744,0.03745,0.03731,0.03736,1031891.0
2025-11-08 14:14:00,0.03736,0.03753,0.03736,0.0375,601963.0
2025-11-08 14:15:00,0.0375,0.03752,0.03714,0.03717,1195094.0
2025-11-08 14:16:00,0.03718,0.03729,0.03702,0.03715,2380539.0
2025-11-08 14:17:00,0.03716,0.0373,0.03697,0.03703,2044866.0
2025-11-08 14:18:00,0.03703,0.0372,0.0368,0.03701,3472696.0
2025-11-08 14:19:00,0.03701,0.03705,0.03671,0.03681,2653958.0
2025-11-08 14:20:00,0.03679,0.037,0.03674,0.03694,1302099.0
2025-11-08 14:21:00,0.03694,0.03695,0.0368,0.03682,881514.0
2025-11-08 14:22:00,0.03682,0.03697,0.03668,0.03694,1899080.0
2025-11-08 14:23:00,0.03693,0.03731,0.03679,0.03682,2483197.0
2025-11-08 14:24:00,0.03681,0.03688,0.03658,0.03661,1902017.0
2025-11-08 14:25:00,0.03662,0.03676,0.03638,0.03646,3144848.0
2025-11-08 14:26:00,0.03648,0.03652,0.03623,0.03636,2872312.0
2025-11-08 14:27:00,0.03637,0.0367,0.03627,0.03642,2267469.0
2025-11-08 14:28:00,0.03639,0.03651,0.03631,0.03644,2047060.0
2025-11-08 14:29:00,0.03639,0.03661,0.03639,0.0366,1241724.0
2025-11-08 14:30:00,0.03658,0.03681,0.03655,0.03674,1145491.0
2025-11-08 14:31:00,0.03676,0.03676,0.03639,0.03639,1591659.0
2025-11-08 14:32:00,0.0364,0.03659,0.03635,0.03654,985983.0
2025-11-08 14:33:00,0.03655,0.03675,0.03643,0.03667,1348456.0
2025-11-08 14:34:00,0.03665,0.03713,0.03663,0.03708,1286824.0
2025-11-08 14:35:00,0.0371,0.03714,0.03672,0.03675,1604949.0
2025-11-08 14:36:00,0.03676,0.03686,0.03663,0.03666,1220699.0
2025-11-08 14:37:00,0.03665,0.03693,0.03665,0.03686,1233760.0
2025-11-08 14:38:00,0.03684,0.0369,0.0367,0.03678,1099351.0
2025-11-08 14:39:00,0.03681,0.03688,0.03665,0.03666,906280.0
2025-11-08 14:40:00,0.03668,0.03702,0.03662,0.03679,1193135.0
2025-11-08 14:41:00,0.0368,0.03685,0.03649,0.03658,1765355.0
2025-11-08 14:42:00,0.03659,0.03673,0.03647,0.0365,1644001.0
2025-11-08 14:43:00,0.03649,0.0365,0.03635,0.03642,1713748.0
2025-11-08 14:44:00,0.0364,0.03644,0.03631,0.03638,1046101.0
2025-11-08 14:45:00,0.03639,0.03648,0.03616,0.0363,2128965.0
2025-11-08 14:46:00,0.03629,0.03647,0.03623,0.03643,1677268.0
2025-11-08 14:47:00,0.03644,0.03644,0.03611,0.0362,2196256.0
2025-11-08 14:48:00,0.03621,0.03621,0.036,0.03617,3573321.0
2025-11-08 14:49:00,0.03617,0.03634,0.0361,0.03622,1640610.0
2025-11-08 14:50:00,0.03622,0.03638,0.03611,0.03626,1616287.0
2025-11-08 14:51:00,0.03628,0.0363,0.036,0.03605,2689948.0
2025-11-08 14:52:00,0.03604,0.03634,0.03601,0.03606,2179082.0
2025-11-08 14:53:00,0.03605,0.03624,0.03602,0.03612,1482595.0
2025-11-08 14:54:00,0.03614,0.03619,0.036,0.03604,1122899.0
2025-11-08 14:55:00,0.03602,0.03619,0.03596,0.03611,1219885.0
2025-11-08 14:56:00,0.03612,0.0364,0.0361,0.03628,1637874.0
2025-11-08 14:57:00,0.03628,0.03652,0.03623,0.03648,1975820.0
2025-11-08 14:58:00,0.03647,0.03663,0.0363,0.03632,1920956.0
2025-11-08 14:59:00,0.03634,0.03636,0.0362,0.03624,1540079.0
2025-11-08 15:00:00,0.03625,0.03628,0.036,0.03607,1592097.0
2025-11-08 15:01:00,0.03606,0.03619,0.03595,0.03602,1231340.0
2025-11-08 15:02:00,0.03602,0.03632,0.03598,0.03611,1689988.0
2025-11-08 15:03:00,0.03615,0.03616,0.036,0.03602,1156735.0
2025-11-08 15:04:00,0.03605,0.03615,0.03588,0.03607,2151302.0
2025-11-08 15:05:00,0.03607,0.03608,0.03584,0.03597,1839357.0
2025-11-08 15:06:00,0.03598,0.03598,0.03532,0.03551,8158779.0
2025-11-08 15:07:00,0.03551,0.03563,0.03537,0.03557,1928104.0
2025-11-08 15:08:00,0.03559,0.03567,0.03553,0.03553,1456006.0
2025-11-08 15:09:00,0.03556,0.03565,0.0354,0.03542,1328843.0
2025-11-08 15:10:00,0.03542,0.0355,0.03503,0.0353,6505430.0
2025-11-08 15:11:00,0.03529,0.03605,0.03527,0.0358,2844804.0
2025-11-08 15:12:00,0.03581,0.03607,0.03579,0.03604,1729733.0
2025-11-08 15:13:00,0.03603,0.03656,0.03601,0.03656,1947089.0
2025-11-08 15:14:00,0.03654,0.03654,0.03622,0.03649,955730.0
2025-11-08 15:15:00,0.0365,0.03662,0.03629,0.03659,1021385.0
2025-11-08 15:16:00,0.03657,0.0371,0.0365,0.03685,3374768.0
2025-11-08 15:17:00,0.03685,0.03695,0.03666,0.03668,2113587.0
2025-11-08 15:18:00,0.03668,0.03684,0.03661,0.03676,2108342.0
2025-11-08 15:19:00,0.03673,0.03673,0.03629,0.03629,1813058.0
2025-11-08 15:20:00,0.03634,0.03639,0.03609,0.0363,1964052.0
2025-11-08 15:21:00,0.03632,0.0364,0.03608,0.0362,1432848.0
2025-11-08 15:22:00,0.03622,0.03633,0.03603,0.03626,1351068.0
2025-11-08 15:23:00,0.03625,0.03636,0.03617,0.03631,527049.0
2025-11-08 15:24:00,0.03634,0.03658,0.03629,0.03639,1132405.0
2025-11-08 15:25:00,0.03641,0.03675,0.03641,0.03668,1736441.0
2025-11-08 15:26:00,0.03667,0.03688,0.03663,0.03663,592272.0
2025-11-08 15:27:00,0.03663,0.03679,0.03649,0.03663,823188.0
2025-11-08 15:28:00,0.03667,0.03682,0.03652,0.03669,1068153.0
2025-11-08 15:29:00,0.03671,0.03679,0.03642,0.03648,1210547.0
2025-11-08 15:30:00,0.03648,0.03664,0.03638,0.03657,854456.0
2025-11-08 15:31:00,0.03657,0.03673,0.03654,0.03669,899410.0
2025-11-08 15:32:00,0.03669,0.03675,0.036,0.03603,2076038.0
2025-11-08 15:33:00,0.03603,0.03619,0.03593,0.03618,1536887.0
2025-11-08 15:34:00,0.03615,0.03615,0.03595,0.03606,642426.0
2025-11-08 15:35:00,0.03608,0.03624,0.03597,0.03621,608977.0
2025-11-08 15:36:00,0.03621,0.0363,0.03615,0.03619,354040.0
2025-11-08 15:37:00,0.0362,0.03651,0.03614,0.03649,535185.0
2025-11-08 15:38:00,0.03647,0.03649,0.0363,0.03634,236316.0
2025-11-08 15:39:00,0.03635,0.0365,0.03631,0.03639,605878.0
2025-11-08 15:40:00,0.03641,0.0365,0.03633,0.03635,161558.0
2025-11-08 15:41:00,0.03635,0.03653,0.0363,0.03649,307513.0
2025-11-08 15:42:00,0.03648,0.03657,0.03641,0.03643,527682.0
2025-11-08 15:43:00,0.03644,0.0365,0.03632,0.0365,382018.0
2025-11-08 15:44:00,0.03649,0.03651,0.03635,0.0364,392289.0
2025-11-08 15:45:00,0.03641,0.03645,0.03619,0.03627,942323.0
2025-11-08 15:46:00,0.03628,0.03632,0.03623,0.0363,252561.0
2025-11-08 15:47:00,0.03631,0.03645,0.0363,0.03634,284007.0
2025-11-08 15:48:00,0.03634,0.03665,0.03632,0.03654,1149930.0
2025-11-08 15:49:00,0.03655,0.03672,0.03654,0.03669,373955.0
2025-11-08 15:50:00,0.03668,0.03677,0.0366,0.03667,635191.0
2025-11-08 15:51:00,0.03667,0.03676,0.03662,0.03668,876569.0
2025-11-08 15:52:00,0.03667,0.03674,0.03652,0.03653,983267.0
2025-11-08 15:53:00,0.03654,0.03673,0.03654,0.03667,840211.0
2025-11-08 15:54:00,0.03668,0.03669,0.03655,0.03659,187755.0
2025-11-08 15:55:00,0.03659,0.03669,0.03655,0.03655,409265.0
2025-11-08 15:56:00,0.03655,0.03666,0.03647,0.03647,342991.0
2025-11-08 15:57:00,0.03648,0.03655,0.0363,0.03649,938423.0
2025-11-08 15:58:00,0.03649,0.03672,0.03644,0.03665,1072706.0
2025-11-08 15:59:00,0.03663,0.03671,0.03654,0.0366,1446390.0
2025-11-08 16:00:00,0.03661,0.03662,0.0362,0.03639,2307193.0
2025-11-08 16:01:00,0.0364,0.03641,0.03606,0.03628,898689.0
2025-11-08 16:02:00,0.03628,0.03661,0.03623,0.0365,1349975.0
2025-11-08 16:03:00,0.0365,0.03691,0.03648,0.03663,1614703.0
2025-11-08 16:04:00,0.03663,0.03683,0.03661,0.0368,971858.0
2025-11-08 16:05:00,0.0368,0.03682,0.03656,0.03665,1020673.0
2025-11-08 16:06:00,0.03665,0.03678,0.03623,0.03653,2218265.0
2025-11-08 16:07:00,0.03653,0.03653,0.03628,0.03632,370442.0
2025-11-08 16:08:00,0.03631,0.03648,0.03616,0.03625,716630.0
2025-11-08 16:09:00,0.03627,0.03651,0.03627,0.0365,545984.0
2025-11-08 16:10:00,0.0365,0.03661,0.0364,0.0366,646296.0
2025-11-08 16:11:00,0.03661,0.03665,0.03645,0.03646,247739.0
2025-11-08 16:12:00,0.03647,0.03673,0.03642,0.03666,702082.0
2025-11-08 16:13:00,0.03669,0.03679,0.03662,0.03664,664767.0
2025-11-08 16:14:00,0.03665,0.03672,0.03649,0.03654,541345.0
2025-11-08 16:15:00,0.03651,0.03671,0.0365,0.03651,806551.0
2025-11-08 16:16:00,0.0365,0.03652,0.03623,0.0363,879867.0
2025-11-08 16:17:00,0.03631,0.03634,0.03619,0.03623,325841.0
2025-11-08 16:18:00,0.03623,0.03635,0.03618,0.03623,353565.0
2025-11-08 16:19:00,0.03624,0.03629,0.03601,0.03624,1826490.0
2025-11-08 16:20:00,0.03624,0.03624,0.03604,0.03605,651412.0
2025-11-08 16:21:00,0.03607,0.03626,0.03607,0.03625,333215.0
2025-11-08 16:22:00,0.03624,0.03652,0.03623,0.03644,273425.0
2025-11-08 16:23:00,0.03645,0.03659,0.03645,0.03645,486800.0
2025-11-08 16:24:00,0.03647,0.03666,0.0364,0.03655,1340390.0
2025-11-08 16:25:00,0.03653,0.03669,0.03652,0.03658,462614.0
2025-11-08 16:26:00,0.03661,0.03682,0.03661,0.03669,698448.0
2025-11-08 16:27:00,0.0367,0.0368,0.03665,0.03676,475677.0
2025-11-08 16:28:00,0.03676,0.03681,0.03669,0.03672,257227.0
2025-11-08 16:29:00,0.03669,0.03686,0.03663,0.03681,855763.0
2025-11-08 16:30:00,0.03681,0.03683,0.03672,0.03681,331312.0
2025-11-08 16:31:00,0.03682,0.03689,0.03674,0.03675,350959.0
2025-11-08 16:32:00,0.03674,0.03677,0.03663,0.03664,562464.0
2025-11-08 16:33:00,0.03666,0.03676,0.03666,0.03668,299424.0
2025-11-08 16:34:00,0.03669,0.03695,0.03669,0.03691,190879.0
2025-11-08 16:35:00,0.03691,0.03721,0.03691,0.03709,786550.0
2025-11-08 16:36:00,0.03709,0.0372,0.03707,0.03712,477511.0
2025-11-08 16:37:00,0.03711,0.03738,0.03711,0.03738,762591.0
2025-11-08 16:38:00,0.03735,0.03743,0.03709,0.03715,645828.0
2025-11-08 16:39:00,0.03715,0.0372,0.03706,0.03709,628634.0
2025-11-08 16:40:00,0.0371,0.03712,0.03693,0.037,354570.0
2025-11-08 16:41:00,0.03703,0.03717,0.03697,0.03703,831463.0
2025-11-08 16:42:00,0.03703,0.03707,0.03687,0.03705,506849.0
2025-11-08 16:43:00,0.03705,0.0371,0.03701,0.03702,176461.0
2025-11-08 16:44:00,0.03703,0.03708,0.03692,0.03693,194554.0
2025-11-08 16:45:00,0.03692,0.037,0.03682,0.03691,776694.0
2025-11-08 16:46:00,0.03692,0.03694,0.03684,0.03691,172488.0
2025-11-08 16:47:00,0.03692,0.03705,0.03691,0.03705,520367.0
2025-11-08 16:48:00,0.03705,0.0371,0.03679,0.03679,627294.0
2025-11-08 16:49:00,0.0368,0.037,0.03676,0.03695,310704.0
2025-11-08 16:50:00,0.03695,0.03704,0.03688,0.03691,383958.0
2025-11-08 16:51:00,0.0369,0.03696,0.03679,0.03681,313907.0
2025-11-08 16:52:00,0.03682,0.0369,0.03675,0.03681,647770.0
2025-11-08 16:53:00,0.03684,0.03695,0.03675,0.03695,576202.0
2025-11-08 16:54:00,0.03695,0.03701,0.03694,0.03695,197206.0
2025-11-08 16:55:00,0.03696,0.03707,0.03695,0.03706,125643.0
2025-11-08 16:56:00,0.03707,0.03717,0.03707,0.03707,195473.0
2025-11-08 16:57:00,0.0371,0.03712,0.03703,0.03709,174853.0
2025-11-08 16:58:00,0.0371,0.03712,0.03699,0.0371,214703.0
2025-11-08 16:59:00,0.0371,0.03726,0.0371,0.03717,443890.0
2025-11-08 17:00:00,0.03718,0.03739,0.03713,0.03733,902800.0
2025-11-08 17:01:00,0.03734,0.03743,0.03725,0.03731,640350.0
2025-11-08 17:02:00,0.03734,0.03734,0.03705,0.03712,610523.0
2025-11-08 17:03:00,0.03713,0.03725,0.03709,0.03724,394583.0
2025-11-08 17:04:00,0.03725,0.03725,0.03708,0.03723,318691.0
2025-11-08 17:05:00,0.03721,0.03725,0.03715,0.03718,272557.0
2025-11-08 17:06:00,0.03717,0.03722,0.03712,0.03714,165824.0
2025-11-08 17:07:00,0.03714,0.03715,0.03705,0.03705,155812.0
2025-11-08 17:08:00,0.03705,0.03705,0.03697,0.03705,206173.0
2025-11-08 17:09:00,0.03705,0.03713,0.037,0.0371,230891.0
2025-11-08 17:10:00,0.0371,0.03721,0.0371,0.03712,140799.0
2025-11-08 17:11:00,0.03711,0.03718,0.03709,0.03716,61479.0
2025-11-08 17:12:00,0.03716,0.0372,0.03709,0.03711,179125.0
2025-11-08 17:13:00,0.03711,0.03718,0.03706,0.03706,253121.0
2025-11-08 17:14:00,0.03706,0.0371,0.03703,0.03703,63747.0
2025-11-08 17:15:00,0.03704,0.03717,0.03702,0.03716,245852.0
2025-11-08 17:16:00,0.03717,0.03725,0.03716,0.03719,86044.0
2025-11-08 17:17:00,0.0372,0.03726,0.03719,0.03724,116846.0
2025-11-08 17:18:00,0.03724,0.03731,0.03716,0.03716,133632.0
2025-11-08 17:19:00,0.03716,0.03729,0.03713,0.03729,132237.0
2025-11-08 17:20:00,0.03729,0.0373,0.03717,0.03718,105148.0
2025-11-08 17:21:00,0.03719,0.03726,0.03714,0.03724,347944.0
2025-11-08 17:22:00,0.03723,0.03723,0.03715,0.03718,146331.0
2025-11-08 17:23:00,0.03718,0.03727,0.03714,0.03725,230262.0
2025-11-08 17:24:00,0.03726,0.03729,0.03721,0.03722,90925.0
2025-11-08 17:25:00,0.03722,0.03729,0.03713,0.03718,679690.0
2025-11-08 17:26:00,0.03719,0.03725,0.03717,0.03722,80243.0
2025-11-08 17:27:00,0.03722,0.03723,0.03702,0.0371,305036.0
2025-11-08 17:28:00,0.03709,0.03711,0.03701,0.03706,241093.0
2025-11-08 17:29:00,0.03703,0.03708,0.03677,0.03693,1205745.0
2025-11-08 17:30:00,0.03694,0.03701,0.03691,0.03701,219254.0
2025-11-08 17:31:00,0.03701,0.03704,0.03684,0.03687,392551.0
2025-11-08 17:32:00,0.03686,0.03693,0.0367,0.03692,623925.0
2025-11-08 17:33:00,0.03694,0.03694,0.03685,0.03688,119439.0
2025-11-08 17:34:00,0.03688,0.03696,0.03686,0.03695,65635.0
2025-11-08 17:35:00,0.03695,0.03702,0.03695,0.037,153233.0
2025-11-08 17:36:00,0.037,0.03701,0.03688,0.03701,235560.0
2025-11-08 17:37:00,0.03701,0.03714,0.037,0.03714,228288.0
2025-11-08 17:38:00,0.03712,0.03713,0.03684,0.03708,519000.0
2025-11-08 17:39:00,0.03707,0.03713,0.03705,0.03708,100460.0
2025-11-08 17:40:00,0.03709,0.03716,0.03708,0.03713,120331.0
2025-11-08 17:41:00,0.03714,0.03716,0.03707,0.0371,75616.0
2025-11-08 17:42:00,0.03709,0.03727,0.03708,0.0372,123223.0
2025-11-08 17:43:00,0.0372,0.03724,0.03712,0.03712,99779.0
2025-11-08 17:44:00,0.03712,0.03722,0.03708,0.03719,694067.0
2025-11-08 17:45:00,0.03716,0.03721,0.03712,0.03715,158307.0
2025-11-08 17:46:00,0.03717,0.03721,0.03712,0.03712,143561.0
2025-11-08 17:47:00,0.03711,0.03714,0.03706,0.03706,108913.0
2025-11-08 17:48:00,0.03708,0.03715,0.03708,0.03714,178354.0
2025-11-08 17:49:00,0.03713,0.03721,0.03709,0.0371,311104.0
2025-11-08 17:50:00,0.03711,0.03715,0.03707,0.03708,117237.0
2025-11-08 17:51:00,0.03709,0.03712,0.03693,0.03699,564385.0
2025-11-08 17:52:00,0.037,0.03702,0.03694,0.03695,185799.0
2025-11-08 17:53:00,0.03695,0.037,0.03695,0.03698,116932.0
2025-11-08 17:54:00,0.03698,0.03715,0.03698,0.03709,102541.0
2025-11-08 17:55:00,0.03708,0.03715,0.03707,0.03711,132879.0
2025-11-08 17:56:00,0.03709,0.03711,0.03704,0.03705,93385.0
2025-11-08 17:57:00,0.03705,0.03718,0.03704,0.03714,232814.0
2025-11-08 17:58:00,0.03711,0.03712,0.03699,0.03701,204507.0
2025-11-08 17:59:00,0.03701,0.03711,0.03698,0.03708,160007.0
2025-11-08 18:00:00,0.03708,0.03732,0.03705,0.03727,358381.0
2025-11-08 18:01:00,0.03728,0.03728,0.03719,0.03723,115949.0
2025-11-08 18:02:00,0.03724,0.03732,0.03713,0.03718,220210.0
2025-11-08 18:03:00,0.03718,0.03735,0.03718,0.03732,267923.0
2025-11-08 18:04:00,0.03731,0.03732,0.0372,0.03727,438083.0
2025-11-08 18:05:00,0.03727,0.03728,0.03704,0.0371,314513.0
2025-11-08 18:06:00,0.0371,0.03714,0.037,0.03714,392166.0
2025-11-08 18:07:00,0.03713,0.03716,0.03707,0.03711,352818.0
2025-11-08 18:08:00,0.03712,0.03713,0.03701,0.03707,146147.0
2025-11-08 18:09:00,0.03706,0.03715,0.03702,0.03714,88975.0
2025-11-08 18:10:00,0.03714,0.03723,0.03712,0.03718,169445.0
2025-11-08 18:11:00,0.03722,0.03728,0.0372,0.03722,235202.0
2025-11-08 18:12:00,0.03722,0.03726,0.03711,0.03716,160672.0
2025-11-08 18:13:00,0.03716,0.03719,0.03712,0.03713,80860.0
2025-11-08 18:14:00,0.03715,0.03716,0.03705,0.03707,118774.0
2025-11-08 18:15:00,0.03708,0.03708,0.03691,0.03698,322092.0
2025-11-08 18:16:00,0.03698,0.037,0.0368,0.03688,843166.0
2025-11-08 18:17:00,0.03688,0.03691,0.03668,0.03688,928420.0
2025-11-08 18:18:00,0.03687,0.03692,0.03682,0.03687,148363.0
2025-11-08 18:19:00,0.03689,0.03699,0.03685,0.03699,257036.0
2025-11-08 18:20:00,0.03698,0.037,0.03687,0.03689,217743.0
2025-11-08 18:21:00,0.0369,0.03692,0.03683,0.03688,83757.0
2025-11-08 18:22:00,0.03688,0.03694,0.03688,0.03689,111423.0
2025-11-08 18:23:00,0.03689,0.03689,0.03663,0.0367,487815.0
2025-11-08 18:24:00,0.03671,0.03674,0.03666,0.03668,343632.0
2025-11-08 18:25:00,0.03669,0.03677,0.03669,0.03677,210122.0
2025-11-08 18:26:00,0.03675,0.03675,0.03665,0.03671,140708.0
2025-11-08 18:27:00,0.03672,0.03679,0.0367,0.03676,66320.0
2025-11-08 18:28:00,0.03677,0.03679,0.03674,0.03675,126806.0
2025-11-08 18:29:00,0.03677,0.03678,0.03673,0.03678,41727.0
2025-11-08 18:30:00,0.03676,0.037,0.03676,0.037,410817.0
2025-11-08 18:31:00,0.03699,0.03721,0.03698,0.03718,636781.0
2025-11-08 18:32:00,0.03717,0.03728,0.03715,0.03719,579579.0
2025-11-08 18:33:00,0.0372,0.0373,0.03715,0.03724,352464.0
2025-11-08 18:34:00,0.03723,0.03741,0.03722,0.03738,596603.0
2025-11-08 18:35:00,0.03736,0.0374,0.03722,0.03722,496239.0
2025-11-08 18:36:00,0.03724,0.03725,0.03714,0.03722,244857.0
2025-11-08 18:37:00,0.03722,0.03756,0.0372,0.03752,451355.0
2025-11-08 18:38:00,0.03754,0.03761,0.03729,0.03729,753900.0
2025-11-08 18:39:00,0.0373,0.03732,0.03725,0.03729,236709.0
2025-11-08 18:40:00,0.03728,0.03746,0.03727,0.0373,532479.0
2025-11-08 18:41:00,0.0373,0.0375,0.03729,0.03741,850321.0
2025-11-08 18:42:00,0.0374,0.0374,0.03729,0.03731,349775.0
2025-11-08 18:43:00,0.03733,0.03743,0.03731,0.03738,130428.0
2025-11-08 18:44:00,0.0374,0.03752,0.03737,0.03752,160731.0
2025-11-08 18:45:00,0.03753,0.03772,0.03735,0.03745,1050011.0
2025-11-08 18:46:00,0.03746,0.03748,0.03737,0.03747,117154.0
2025-11-08 18:47:00,0.03746,0.03746,0.03729,0.0373,288569.0
2025-11-08 18:48:00,0.03731,0.03746,0.03729,0.03744,69304.0
2025-11-08 18:49:00,0.03744,0.03757,0.03744,0.03751,138337.0
2025-11-08 18:50:00,0.03751,0.03753,0.03741,0.03746,194477.0
2025-11-08 18:51:00,0.03745,0.03746,0.03742,0.03743,67976.0
2025-11-08 18:52:00,0.03742,0.03745,0.03736,0.03738,247509.0
2025-11-08 18:53:00,0.03737,0.03747,0.03736,0.03742,147340.0
2025-11-08 18:54:00,0.03741,0.03742,0.0373,0.03735,257698.0
2025-11-08 18:55:00,0.03735,0.03738,0.03729,0.03733,147159.0
2025-11-08 18:56:00,0.03733,0.03737,0.0373,0.0373,76469.0
2025-11-08 18:57:00,0.0373,0.03732,0.03724,0.03729,277649.0
2025-11-08 18:58:00,0.03727,0.03737,0.03727,0.03729,271441.0
2025-11-08 18:59:00,0.0373,0.03731,0.0372,0.03723,231637.0
2025-11-08 19:00:00,0.03724,0.03729,0.03702,0.0371,639463.0
2025-11-08 19:01:00,0.0371,0.03711,0.03665,0.03677,2228445.0
2025-11-08 19:02:00,0.03677,0.03694,0.03676,0.0369,639562.0
2025-11-08 19:03:00,0.03689,0.03693,0.03682,0.03687,223945.0
2025-11-08 19:04:00,0.03686,0.0369,0.03668,0.03684,666453.0
2025-11-08 19:05:00,0.03684,0.03691,0.03684,0.03689,123972.0
2025-11-08 19:06:00,0.0369,0.03696,0.03689,0.03692,163059.0
2025-11-08 19:07:00,0.03691,0.03691,0.03674,0.03684,343714.0
2025-11-08 19:08:00,0.03684,0.03694,0.03683,0.03692,67440.0
2025-11-08 19:09:00,0.03692,0.03702,0.03688,0.03698,301497.0
2025-11-08 19:10:00,0.03698,0.03709,0.03675,0.03702,1673396.0
2025-11-08 19:11:00,0.03701,0.03706,0.03682,0.03684,652837.0
2025-11-08 19:12:00,0.03685,0.03689,0.03683,0.03686,113634.0
2025-11-08 19:13:00,0.03688,0.03699,0.03687,0.03695,86133.0
2025-11-08 19:14:00,0.03695,0.03695,0.03684,0.03687,227985.0
2025-11-08 19:15:00,0.03688,0.03692,0.03686,0.03689,158315.0
2025-11-08 19:16:00,0.03689,0.03699,0.03688,0.03697,217905.0
2025-11-08 19:17:00,0.03697,0.03702,0.03694,0.03698,157871.0
2025-11-08 19:18:00,0.03697,0.03706,0.03683,0.03687,656041.0
2025-11-08 19:19:00,0.03686,0.03688,0.03675,0.03676,462155.0
2025-11-08 19:20:00,0.03675,0.03676,0.03665,0.03668,319140.0
2025-11-08 19:21:00,0.03669,0.03673,0.03637,0.03647,1887710.0
2025-11-08 19:22:00,0.03645,0.03649,0.03616,0.03639,1387977.0
2025-11-08 19:23:00,0.0364,0.0365,0.0362,0.03646,1230046.0
2025-11-08 19:24:00,0.03646,0.0366,0.03643,0.03648,949987.0
2025-11-08 19:25:00,0.03647,0.03647,0.0364,0.03642,137972.0
2025-11-08 19:26:00,0.03642,0.03643,0.03634,0.03638,204702.0
2025-11-08 19:27:00,0.03638,0.03644,0.03634,0.03639,258380.0
2025-11-08 19:28:00,0.03639,0.03642,0.03625,0.03631,323576.0
2025-11-08 19:29:00,0.0363,0.03644,0.03626,0.03644,284937.0
2025-11-08 19:30:00,0.03644,0.03654,0.03641,0.03645,331114.0
2025-11-08 19:31:00,0.03644,0.03656,0.03641,0.03656,135719.0
2025-11-08 19:32:00,0.03655,0.03658,0.03648,0.0365,223507.0
2025-11-08 19:33:00,0.0365,0.03663,0.0365,0.03658,172960.0
2025-11-08 19:34:00,0.03657,0.0366,0.03646,0.03652,240452.0
2025-11-08 19:35:00,0.03651,0.03656,0.03647,0.03655,223353.0
2025-11-08 19:36:00,0.03655,0.03656,0.03645,0.03656,106648.0
2025-11-08 19:37:00,0.03656,0.03659,0.03646,0.03651,344087.0
2025-11-08 19:38:00,0.03652,0.03668,0.03652,0.03664,434030.0
2025-11-08 19:39:00,0.03663,0.03677,0.03662,0.03675,134130.0
2025-11-08 19:40:00,0.03675,0.03684,0.03675,0.03682,119726.0
2025-11-08 19:41:00,0.03682,0.03688,0.03671,0.03686,263198.0
2025-11-08 19:42:00,0.03687,0.03687,0.03677,0.03678,215478.0
2025-11-08 19:43:00,0.03679,0.03694,0.03677,0.03687,394610.0
2025-11-08 19:44:00,0.03687,0.03704,0.03686,0.037,496774.0
2025-11-08 19:45:00,0.03701,0.03703,0.03693,0.03693,286754.0
2025-11-08 19:46:00,0.03692,0.03695,0.03688,0.03691,74232.0
2025-11-08 19:47:00,0.03691,0.03694,0.03679,0.03681,282492.0
2025-11-08 19:48:00,0.03681,0.03686,0.03674,0.03681,218907.0
2025-11-08 19:49:00,0.0368,0.03698,0.03678,0.03697,205158.0
2025-11-08 19:50:00,0.03697,0.03704,0.03696,0.03703,144372.0
2025-11-08 19:51:00,0.03704,0.03716,0.03704,0.03716,338596.0
2025-11-08 19:52:00,0.03716,0.03718,0.03702,0.03704,242107.0
2025-11-08 19:53:00,0.03705,0.03724,0.03705,0.03724,323149.0
2025-11-08 19:54:00,0.03723,0.03724,0.03711,0.03714,238522.0
2025-11-08 19:55:00,0.03715,0.03728,0.03713,0.03722,234777.0
2025-11-08 19:56:00,0.03723,0.03729,0.03718,0.03721,342377.0
2025-11-08 19:57:00,0.03719,0.03727,0.03717,0.03724,236714.0
2025-11-08 19:58:00,0.03723,0.03724,0.03708,0.03717,381451.0
2025-11-08 19:59:00,0.03716,0.03721,0.03714,0.03716,269378.0
2025-11-08 20:00:00,0.03716,0.03716,0.03687,0.03695,927847.0
2025-11-08 20:01:00,0.03695,0.03696,0.03673,0.0368,1009883.0
2025-11-08 20:02:00,0.03683,0.03692,0.03683,0.03688,133414.0
2025-11-08 20:03:00,0.03688,0.0369,0.03671,0.03677,209823.0
2025-11-08 20:04:00,0.03678,0.0368,0.03662,0.03669,495003.0
2025-11-08 20:05:00,0.0367,0.03675,0.0366,0.03664,214593.0
2025-11-08 20:06:00,0.03664,0.03665,0.0365,0.03659,385495.0
2025-11-08 20:07:00,0.03661,0.03668,0.03656,0.03659,160965.0
2025-11-08 20:08:00,0.0366,0.03663,0.03651,0.03658,152225.0
2025-11-08 20:09:00,0.03658,0.03659,0.03651,0.03652,74473.0
2025-11-08 20:10:00,0.03653,0.0366,0.03648,0.0366,446297.0
2025-11-08 20:11:00,0.03657,0.03664,0.03649,0.03653,360719.0
2025-11-08 20:12:00,0.03654,0.03656,0.03637,0.03643,859899.0
2025-11-08 20:13:00,0.03641,0.03651,0.03641,0.03643,277062.0
2025-11-08 20:14:00,0.03643,0.03647,0.03639,0.03642,114298.0
2025-11-08 20:15:00,0.03644,0.0365,0.03644,0.03647,111733.0
2025-11-08 20:16:00,0.03647,0.03655,0.03639,0.03655,533783.0
2025-11-08 20:17:00,0.03654,0.03655,0.03646,0.03647,163427.0
2025-11-08 20:18:00,0.03647,0.03671,0.03647,0.03668,259101.0
2025-11-08 20:19:00,0.03668,0.03671,0.03653,0.03658,280677.0
2025-11-08 20:20:00,0.03659,0.03662,0.03641,0.03644,242883.0
2025-11-08 20:21:00,0.03646,0.03646,0.03632,0.03637,247032.0
2025-11-08 20:22:00,0.03637,0.03647,0.03632,0.03645,321661.0
2025-11-08 20:23:00,0.03645,0.03656,0.03643,0.03648,475297.0
2025-11-08 20:24:00,0.0365,0.03654,0.03644,0.03648,235380.0
2025-11-08 20:25:00,0.03648,0.03659,0.03647,0.03657,101067.0
2025-11-08 20:26:00,0.03659,0.03662,0.03655,0.03656,252857.0
2025-11-08 20:27:00,0.03658,0.03674,0.03658,0.03673,181414.0
2025-11-08 20:28:00,0.03673,0.03687,0.03673,0.03686,131025.0
2025-11-08 20:29:00,0.03686,0.037,0.03685,0.03688,349395.0
2025-11-08 20:30:00,0.03688,0.03699,0.03688,0.03694,244802.0
2025-11-08 20:31:00,0.03694,0.03696,0.03688,0.03693,175467.0
2025-11-08 20:32:00,0.03694,0.03697,0.0368,0.0369,393590.0
2025-11-08 20:33:00,0.03691,0.03692,0.03679,0.03684,188079.0
2025-11-08 20:34:00,0.03685,0.03697,0.03684,0.03692,275173.0
2025-11-08 20:35:00,0.03694,0.03703,0.03692,0.03694,109186.0
2025-11-08 20:36:00,0.03695,0.03698,0.0369,0.03696,145738.0
2025-11-08 20:37:00,0.03697,0.03698,0.03685,0.03688,239279.0
2025-11-08 20:38:00,0.03689,0.03696,0.03689,0.03691,150276.0
2025-11-08 20:39:00,0.03691,0.03693,0.03685,0.03687,165191.0
2025-11-08 20:40:00,0.03689,0.03703,0.03689,0.03703,247400.0
2025-11-08 20:41:00,0.037,0.03719,0.03698,0.03707,1183192.0
2025-11-08 20:42:00,0.03706,0.03706,0.03695,0.03698,143429.0
2025-11-08 20:43:00,0.037,0.03702,0.03689,0.03689,144551.0
2025-11-08 20:44:00,0.03691,0.03692,0.03687,0.0369,139416.0
2025-11-08 20:45:00,0.0369,0.037,0.0369,0.03698,270235.0
2025-11-08 20:46:00,0.03697,0.03701,0.03693,0.03695,147131.0
2025-11-08 20:47:00,0.03695,0.03697,0.03689,0.03689,167519.0
2025-11-08 20:48:00,0.0369,0.03692,0.03675,0.03684,385438.0
2025-11-08 20:49:00,0.03684,0.03686,0.03675,0.03683,313203.0
2025-11-08 20:50:00,0.03684,0.03687,0.03675,0.0368,121847.0
2025-11-08 20:51:00,0.0368,0.0368,0.03672,0.03679,222546.0
2025-11-08 20:52:00,0.03678,0.03679,0.03664,0.03673,350042.0
2025-11-08 20:53:00,0.03673,0.03678,0.03672,0.03676,134813.0
2025-11-08 20:54:00,0.03675,0.03679,0.03666,0.03668,244649.0
2025-11-08 20:55:00,0.03669,0.0368,0.03667,0.03671,426683.0
2025-11-08 20:56:00,0.03671,0.03672,0.03655,0.03662,427881.0
2025-11-08 20:57:00,0.03662,0.03663,0.03654,0.0366,136145.0
2025-11-08 20:58:00,0.03661,0.03662,0.03656,0.0366,104861.0
2025-11-08 20:59:00,0.0366,0.03661,0.03643,0.0365,767710.0
2025-11-08 21:00:00,0.0365,0.03672,0.03649,0.03663,716242.0
