timestamp,open,high,low,close,volume
2025-11-06 03:00:00,0.09653,0.09685,0.09625,0.09639,236952.0
2025-11-06 03:01:00,0.09638,0.09669,0.09601,0.09633,224014.0
2025-11-06 03:02:00,0.09631,0.09649,0.09605,0.09627,195789.0
2025-11-06 03:03:00,0.09627,0.09634,0.09604,0.09605,140836.0
2025-11-06 03:04:00,0.09606,0.09668,0.09592,0.09633,290586.0
2025-11-06 03:05:00,0.09635,0.09651,0.09575,0.09603,370192.0
2025-11-06 03:06:00,0.09602,0.09645,0.09584,0.09632,225480.0
2025-11-06 03:07:00,0.09629,0.09694,0.09629,0.09649,293279.0
2025-11-06 03:08:00,0.09651,0.09661,0.09612,0.09616,86706.0
2025-11-06 03:09:00,0.09616,0.09667,0.096,0.09649,158524.0
2025-11-06 03:10:00,0.09648,0.09649,0.09607,0.09612,81952.0
2025-11-06 03:11:00,0.09611,0.09645,0.09609,0.0962,89387.0
2025-11-06 03:12:00,0.09623,0.09631,0.09576,0.09579,239825.0
2025-11-06 03:13:00,0.0958,0.09602,0.09567,0.09586,148125.0
2025-11-06 03:14:00,0.09586,0.09602,0.09571,0.09593,146963.0
2025-11-06 03:15:00,0.09593,0.0965,0.09591,0.0964,237546.0
2025-11-06 03:16:00,0.09641,0.097,0.0964,0.09692,184869.0
2025-11-06 03:17:00,0.09689,0.09724,0.09685,0.09718,94977.0
2025-11-06 03:18:00,0.09715,0.09837,0.09715,0.09804,230442.0
2025-11-06 03:19:00,0.09804,0.09835,0.09795,0.09796,195982.0
2025-11-06 03:20:00,0.09794,0.09877,0.09791,0.09853,212893.0
2025-11-06 03:21:00,0.09853,0.09856,0.09798,0.09798,138980.0
2025-11-06 03:22:00,0.09796,0.09796,0.09741,0.09752,138079.0
2025-11-06 03:23:00,0.09752,0.09784,0.09723,0.09731,182581.0
2025-11-06 03:24:00,0.09729,0.09743,0.09649,0.09666,593045.0
2025-11-06 03:25:00,0.09665,0.09666,0.0961,0.09659,184224.0
2025-11-06 03:26:00,0.09659,0.0967,0.09621,0.09638,142332.0
2025-11-06 03:27:00,0.09637,0.09656,0.09608,0.09613,194138.0
2025-11-06 03:28:00,0.09618,0.09622,0.09575,0.0958,307720.0
2025-11-06 03:29:00,0.09579,0.09597,0.09554,0.09567,225593.0
2025-11-06 03:30:00,0.09569,0.09574,0.09465,0.09516,913630.0
2025-11-06 03:31:00,0.09518,0.0961,0.09518,0.09597,339732.0
2025-11-06 03:32:00,0.09598,0.0966,0.09585,0.09636,254440.0
2025-11-06 03:33:00,0.09638,0.09682,0.09606,0.09619,175216.0
2025-11-06 03:34:00,0.09618,0.09652,0.09581,0.09608,168862.0
2025-11-06 03:35:00,0.09608,0.0962,0.09544,0.09568,155136.0
2025-11-06 03:36:00,0.09564,0.09627,0.09559,0.09608,141490.0
2025-11-06 03:37:00,0.09606,0.09627,0.09597,0.09619,131682.0
2025-11-06 03:38:00,0.09619,0.09656,0.09604,0.09637,384753.0
2025-11-06 03:39:00,0.09637,0.09681,0.09628,0.09676,168105.0
2025-11-06 03:40:00,0.09676,0.09729,0.09676,0.09717,158675.0
2025-11-06 03:41:00,0.09724,0.09724,0.09684,0.09694,116393.0
2025-11-06 03:42:00,0.09693,0.09732,0.09673,0.09704,235919.0
2025-11-06 03:43:00,0.09705,0.0973,0.09693,0.09707,60342.0
2025-11-06 03:44:00,0.09706,0.09728,0.09625,0.09633,171576.0
2025-11-06 03:45:00,0.0963,0.09642,0.09596,0.09619,249187.0
2025-11-06 03:46:00,0.09619,0.09645,0.09598,0.09626,165414.0
2025-11-06 03:47:00,0.09624,0.09632,0.09603,0.09603,147075.0
2025-11-06 03:48:00,0.09603,0.09669,0.09598,0.09649,132204.0
2025-11-06 03:49:00,0.09649,0.09679,0.09636,0.0965,131569.0
2025-11-06 03:50:00,0.09648,0.0967,0.09633,0.09636,107947.0
2025-11-06 03:51:00,0.09637,0.09641,0.09615,0.09638,69053.0
2025-11-06 03:52:00,0.09638,0.09646,0.09604,0.09606,258502.0
2025-11-06 03:53:00,0.09602,0.09648,0.09601,0.09615,110559.0
2025-11-06 03:54:00,0.09616,0.09618,0.09581,0.09602,88369.0
2025-11-06 03:55:00,0.09606,0.09606,0.09568,0.096,155718.0
2025-11-06 03:56:00,0.09599,0.09612,0.09539,0.09566,323805.0
2025-11-06 03:57:00,0.09567,0.09603,0.09566,0.09588,73205.0
2025-11-06 03:58:00,0.09588,0.09607,0.09588,0.09602,43405.0
2025-11-06 03:59:00,0.09602,0.09616,0.0957,0.09582,100222.0
2025-11-06 04:00:00,0.09581,0.09587,0.09522,0.09524,235747.0
2025-11-06 04:01:00,0.09524,0.09562,0.09523,0.09536,208747.0
2025-11-06 04:02:00,0.09539,0.09555,0.09531,0.09534,91470.0
2025-11-06 04:03:00,0.09534,0.09572,0.09534,0.09557,131814.0
2025-11-06 04:04:00,0.09549,0.09566,0.09517,0.09539,165297.0
2025-11-06 04:05:00,0.09542,0.09565,0.09511,0.0956,264007.0
2025-11-06 04:06:00,0.09561,0.0957,0.09521,0.09536,130829.0
2025-11-06 04:07:00,0.09537,0.0956,0.09513,0.09536,96038.0
2025-11-06 04:08:00,0.09538,0.0954,0.09512,0.09532,119975.0
2025-11-06 04:09:00,0.09535,0.09578,0.09529,0.09578,85959.0
2025-11-06 04:10:00,0.0958,0.09649,0.09579,0.09625,325514.0
2025-11-06 04:11:00,0.0963,0.0963,0.09587,0.09597,162163.0
2025-11-06 04:12:00,0.09597,0.0966,0.09595,0.09651,150861.0
2025-11-06 04:13:00,0.09649,0.09692,0.09648,0.09676,129400.0
2025-11-06 04:14:00,0.09676,0.09683,0.09642,0.09655,95311.0
2025-11-06 04:15:00,0.09654,0.09659,0.09614,0.09614,92069.0
2025-11-06 04:16:00,0.09612,0.09657,0.096,0.09642,146603.0
2025-11-06 04:17:00,0.09642,0.09645,0.09577,0.0959,142702.0
2025-11-06 04:18:00,0.09592,0.09699,0.09592,0.09685,243966.0
2025-11-06 04:19:00,0.09682,0.09682,0.09656,0.0968,89096.0
2025-11-06 04:20:00,0.09678,0.09686,0.09654,0.09656,65699.0
2025-11-06 04:21:00,0.09656,0.09672,0.0962,0.0962,94797.0
2025-11-06 04:22:00,0.09621,0.09662,0.09613,0.09652,123876.0
2025-11-06 04:23:00,0.09654,0.09706,0.09654,0.09702,130803.0
2025-11-06 04:24:00,0.09702,0.0973,0.09695,0.09725,136993.0
2025-11-06 04:25:00,0.09727,0.09742,0.09704,0.09721,67234.0
2025-11-06 04:26:00,0.09718,0.09736,0.09708,0.0971,165515.0
2025-11-06 04:27:00,0.09708,0.09734,0.09659,0.09666,153392.0
2025-11-06 04:28:00,0.09669,0.09671,0.09638,0.09641,83698.0
2025-11-06 04:29:00,0.09644,0.09659,0.09605,0.0961,124268.0
2025-11-06 04:30:00,0.0961,0.09611,0.09566,0.09569,160632.0
2025-11-06 04:31:00,0.09567,0.09579,0.09552,0.09563,173665.0
2025-11-06 04:32:00,0.09564,0.0959,0.09554,0.09586,169004.0
2025-11-06 04:33:00,0.09586,0.09679,0.09586,0.0963,166721.0
2025-11-06 04:34:00,0.09633,0.09675,0.09622,0.09622,162886.0
2025-11-06 04:35:00,0.09621,0.09664,0.09621,0.09621,106554.0
2025-11-06 04:36:00,0.09622,0.09648,0.09589,0.096,138853.0
2025-11-06 04:37:00,0.09602,0.09638,0.0958,0.09633,95043.0
2025-11-06 04:38:00,0.09633,0.09642,0.09596,0.09598,90478.0
2025-11-06 04:39:00,0.096,0.09614,0.09567,0.09582,77469.0
2025-11-06 04:40:00,0.09584,0.09589,0.09549,0.09564,163422.0
2025-11-06 04:41:00,0.09563,0.09568,0.09531,0.09538,182530.0
2025-11-06 04:42:00,0.09543,0.09578,0.09502,0.09565,427613.0
2025-11-06 04:43:00,0.09567,0.09632,0.09566,0.09621,175279.0
2025-11-06 04:44:00,0.09624,0.09642,0.09594,0.09608,127671.0
2025-11-06 04:45:00,0.09607,0.09698,0.09607,0.09695,346330.0
2025-11-06 04:46:00,0.09687,0.09698,0.09596,0.09606,286429.0
2025-11-06 04:47:00,0.09608,0.09622,0.09604,0.09607,205058.0
2025-11-06 04:48:00,0.0961,0.09681,0.09561,0.09586,1241343.0
2025-11-06 04:49:00,0.09588,0.09598,0.09518,0.09521,237491.0
2025-11-06 04:50:00,0.09523,0.09564,0.09516,0.09545,282935.0
2025-11-06 04:51:00,0.09549,0.09562,0.09525,0.09537,215166.0
2025-11-06 04:52:00,0.09537,0.09546,0.09401,0.0947,999502.0
2025-11-06 04:53:00,0.0947,0.0948,0.09436,0.09462,365110.0
2025-11-06 04:54:00,0.09458,0.09467,0.0944,0.09465,165174.0
2025-11-06 04:55:00,0.09468,0.09499,0.09463,0.09489,126626.0
2025-11-06 04:56:00,0.09489,0.09491,0.0943,0.09454,240822.0
2025-11-06 04:57:00,0.09456,0.09507,0.09456,0.09485,110553.0
2025-11-06 04:58:00,0.09484,0.09509,0.09472,0.095,127374.0
2025-11-06 04:59:00,0.09495,0.0957,0.09495,0.09547,288096.0
2025-11-06 05:00:00,0.09549,0.09551,0.09516,0.09551,248964.0
2025-11-06 05:01:00,0.09551,0.0956,0.09491,0.09502,152406.0
2025-11-06 05:02:00,0.095,0.09548,0.095,0.09525,215385.0
2025-11-06 05:03:00,0.09524,0.09558,0.0952,0.09558,117106.0
2025-11-06 05:04:00,0.09553,0.09584,0.0954,0.09561,216114.0
2025-11-06 05:05:00,0.0956,0.09563,0.09522,0.09525,151401.0
2025-11-06 05:06:00,0.09523,0.09527,0.0947,0.09486,81841.0
2025-11-06 05:07:00,0.09482,0.09509,0.09462,0.09469,188548.0
2025-11-06 05:08:00,0.09467,0.09498,0.09467,0.09485,142355.0
2025-11-06 05:09:00,0.09486,0.09488,0.09443,0.09446,240830.0
2025-11-06 05:10:00,0.0945,0.09491,0.0945,0.09473,235157.0
2025-11-06 05:11:00,0.09473,0.09499,0.09421,0.09444,297820.0
2025-11-06 05:12:00,0.09441,0.09452,0.0943,0.0943,108429.0
2025-11-06 05:13:00,0.0943,0.09453,0.09416,0.0942,109018.0
2025-11-06 05:14:00,0.09422,0.095,0.09422,0.0948,367472.0
2025-11-06 05:15:00,0.09481,0.09486,0.09414,0.09442,360927.0
2025-11-06 05:16:00,0.09443,0.09464,0.09424,0.09443,165017.0
2025-11-06 05:17:00,0.09446,0.09454,0.09427,0.09434,114255.0
2025-11-06 05:18:00,0.09433,0.09445,0.09397,0.09416,352120.0
2025-11-06 05:19:00,0.09414,0.09425,0.09384,0.09414,233707.0
2025-11-06 05:20:00,0.09413,0.09446,0.09409,0.0942,195488.0
2025-11-06 05:21:00,0.09421,0.09491,0.09419,0.09454,496157.0
2025-11-06 05:22:00,0.09454,0.09469,0.09448,0.09462,127376.0
2025-11-06 05:23:00,0.09463,0.09463,0.09411,0.09415,394845.0
2025-11-06 05:24:00,0.09414,0.09442,0.09375,0.09375,387162.0
2025-11-06 05:25:00,0.09384,0.09417,0.09375,0.09407,239581.0
2025-11-06 05:26:00,0.09407,0.09407,0.09339,0.09354,368371.0
2025-11-06 05:27:00,0.09351,0.09373,0.09329,0.09353,371749.0
2025-11-06 05:28:00,0.09352,0.09378,0.0933,0.09365,212704.0
2025-11-06 05:29:00,0.09364,0.09411,0.09364,0.09389,116564.0
2025-11-06 05:30:00,0.09394,0.09407,0.0938,0.09393,125523.0
2025-11-06 05:31:00,0.09392,0.09411,0.0938,0.09395,81473.0
2025-11-06 05:32:00,0.09396,0.09435,0.09396,0.09424,115638.0
2025-11-06 05:33:00,0.09423,0.09436,0.09408,0.09416,114378.0
2025-11-06 05:34:00,0.09416,0.09418,0.09363,0.09384,240009.0
2025-11-06 05:35:00,0.0938,0.09392,0.09365,0.09387,108211.0
2025-11-06 05:36:00,0.09387,0.09396,0.09372,0.09396,176223.0
2025-11-06 05:37:00,0.09396,0.09449,0.09392,0.09431,167750.0
2025-11-06 05:38:00,0.0943,0.09434,0.09407,0.09411,134917.0
2025-11-06 05:39:00,0.09408,0.09427,0.09402,0.09404,75507.0
2025-11-06 05:40:00,0.09402,0.09413,0.09391,0.09406,97331.0
2025-11-06 05:41:00,0.09402,0.09424,0.09402,0.0941,92755.0
2025-11-06 05:42:00,0.0941,0.09436,0.09369,0.09385,493367.0
2025-11-06 05:43:00,0.09385,0.09398,0.09369,0.0938,194272.0
2025-11-06 05:44:00,0.09379,0.09427,0.09379,0.0942,102860.0
2025-11-06 05:45:00,0.09419,0.09422,0.09374,0.09377,86736.0
2025-11-06 05:46:00,0.09376,0.09395,0.09376,0.09391,33211.0
2025-11-06 05:47:00,0.09393,0.09394,0.09338,0.09354,155970.0
2025-11-06 05:48:00,0.09355,0.09356,0.09303,0.09315,337791.0
2025-11-06 05:49:00,0.09312,0.09349,0.0931,0.0934,126982.0
2025-11-06 05:50:00,0.0934,0.09344,0.093,0.09328,185684.0
2025-11-06 05:51:00,0.09328,0.09389,0.09328,0.09381,168638.0
2025-11-06 05:52:00,0.0938,0.09422,0.09379,0.09416,197231.0
2025-11-06 05:53:00,0.09414,0.09544,0.09414,0.09452,901173.0
2025-11-06 05:54:00,0.09449,0.09452,0.09412,0.09442,141701.0
2025-11-06 05:55:00,0.09442,0.09482,0.09442,0.09461,350613.0
2025-11-06 05:56:00,0.09463,0.09468,0.0942,0.09452,172986.0
2025-11-06 05:57:00,0.0945,0.09451,0.09382,0.09403,265812.0
2025-11-06 05:58:00,0.09403,0.09403,0.09359,0.09365,96905.0
2025-11-06 05:59:00,0.09365,0.09373,0.09344,0.09373,150091.0
2025-11-06 06:00:00,0.09374,0.09423,0.09357,0.09415,376979.0
2025-11-06 06:01:00,0.09416,0.09447,0.09352,0.09385,225332.0
2025-11-06 06:02:00,0.09386,0.09407,0.09375,0.09392,133741.0
2025-11-06 06:03:00,0.09389,0.09424,0.09389,0.09407,183606.0
2025-11-06 06:04:00,0.09406,0.09416,0.0936,0.09379,258109.0
2025-11-06 06:05:00,0.09375,0.09417,0.09371,0.09409,128536.0
2025-11-06 06:06:00,0.0941,0.09418,0.09354,0.09358,109470.0
2025-11-06 06:07:00,0.09357,0.09364,0.09222,0.09241,859691.0
2025-11-06 06:08:00,0.09241,0.09257,0.09173,0.09177,915215.0
2025-11-06 06:09:00,0.09181,0.09202,0.09165,0.09195,597308.0
2025-11-06 06:10:00,0.09195,0.09203,0.09148,0.09166,509490.0
2025-11-06 06:11:00,0.09167,0.09184,0.09101,0.09165,715781.0
2025-11-06 06:12:00,0.09165,0.09177,0.09149,0.09155,243188.0
2025-11-06 06:13:00,0.09156,0.09222,0.09151,0.0921,200200.0
2025-11-06 06:14:00,0.0921,0.09211,0.0914,0.09145,362315.0
2025-11-06 06:15:00,0.09149,0.09239,0.09149,0.09213,614904.0
2025-11-06 06:16:00,0.09212,0.09215,0.09181,0.09199,133019.0
2025-11-06 06:17:00,0.09199,0.09276,0.09197,0.09262,292806.0
2025-11-06 06:18:00,0.0926,0.09299,0.09257,0.09289,293485.0
2025-11-06 06:19:00,0.09287,0.09319,0.09283,0.09313,211885.0
2025-11-06 06:20:00,0.09313,0.09324,0.09304,0.09319,158723.0
2025-11-06 06:21:00,0.09315,0.09364,0.09315,0.09364,182489.0
2025-11-06 06:22:00,0.09362,0.09362,0.0927,0.09274,270810.0
2025-11-06 06:23:00,0.09274,0.09302,0.0926,0.09294,216182.0
2025-11-06 06:24:00,0.09299,0.09299,0.09255,0.09274,123229.0
2025-11-06 06:25:00,0.09273,0.09289,0.09258,0.09269,170020.0
2025-11-06 06:26:00,0.09269,0.09316,0.09262,0.09309,136109.0
2025-11-06 06:27:00,0.09308,0.09323,0.09285,0.09304,85187.0
2025-11-06 06:28:00,0.09305,0.09317,0.09294,0.093,103896.0
2025-11-06 06:29:00,0.09304,0.09322,0.09303,0.0932,30686.0
2025-11-06 06:30:00,0.0932,0.0933,0.09291,0.09325,98809.0
2025-11-06 06:31:00,0.09324,0.0933,0.09291,0.09291,116558.0
2025-11-06 06:32:00,0.0929,0.09318,0.09286,0.09296,138114.0
2025-11-06 06:33:00,0.09299,0.09311,0.09282,0.09296,41227.0
2025-11-06 06:34:00,0.09297,0.0933,0.09287,0.0932,128146.0
2025-11-06 06:35:00,0.0932,0.09345,0.09319,0.09325,64998.0
2025-11-06 06:36:00,0.09326,0.09344,0.09324,0.09334,133887.0
2025-11-06 06:37:00,0.09335,0.09335,0.09298,0.09313,130025.0
2025-11-06 06:38:00,0.09314,0.09328,0.093,0.09322,77989.0
2025-11-06 06:39:00,0.09319,0.0933,0.09267,0.09268,130499.0
2025-11-06 06:40:00,0.09268,0.09318,0.09266,0.09317,52933.0
2025-11-06 06:41:00,0.09317,0.09341,0.09315,0.0933,128568.0
2025-11-06 06:42:00,0.09331,0.09393,0.09328,0.09361,467122.0
2025-11-06 06:43:00,0.09359,0.0936,0.09335,0.09353,73619.0
2025-11-06 06:44:00,0.09353,0.09354,0.09309,0.09318,99805.0
2025-11-06 06:45:00,0.09318,0.09369,0.09318,0.0936,70321.0
2025-11-06 06:46:00,0.09363,0.09374,0.09331,0.09338,86482.0
2025-11-06 06:47:00,0.09336,0.09372,0.09327,0.09371,99441.0
2025-11-06 06:48:00,0.09374,0.09381,0.09357,0.09378,73723.0
2025-11-06 06:49:00,0.09379,0.09398,0.0936,0.09362,90699.0
2025-11-06 06:50:00,0.09362,0.09381,0.09342,0.09342,67749.0
2025-11-06 06:51:00,0.09341,0.09345,0.09324,0.09324,55563.0
2025-11-06 06:52:00,0.09324,0.09325,0.09265,0.09294,149614.0
2025-11-06 06:53:00,0.0929,0.09293,0.09246,0.09276,155991.0
2025-11-06 06:54:00,0.09274,0.09276,0.09239,0.09261,91495.0
2025-11-06 06:55:00,0.09263,0.09276,0.09258,0.09262,63000.0
2025-11-06 06:56:00,0.09265,0.09309,0.09249,0.09268,245713.0
2025-11-06 06:57:00,0.09268,0.0928,0.09239,0.09242,68706.0
2025-11-06 06:58:00,0.09243,0.09255,0.09225,0.09238,106805.0
2025-11-06 06:59:00,0.09238,0.09248,0.09212,0.09231,110334.0
2025-11-06 07:00:00,0.0923,0.0927,0.09217,0.09217,184675.0
2025-11-06 07:01:00,0.09218,0.09244,0.09179,0.09183,277675.0
2025-11-06 07:02:00,0.09184,0.09206,0.09166,0.09178,197058.0
2025-11-06 07:03:00,0.0918,0.09195,0.09175,0.09189,96233.0
2025-11-06 07:04:00,0.09189,0.09202,0.09163,0.09167,165459.0
2025-11-06 07:05:00,0.09167,0.09206,0.09158,0.09192,82081.0
2025-11-06 07:06:00,0.0919,0.09198,0.09168,0.09182,93500.0
2025-11-06 07:07:00,0.09182,0.09191,0.09169,0.09189,90614.0
2025-11-06 07:08:00,0.09184,0.09227,0.09184,0.09206,123449.0
2025-11-06 07:09:00,0.09206,0.09214,0.09185,0.09186,40040.0
2025-11-06 07:10:00,0.09188,0.09188,0.09164,0.09172,68838.0
2025-11-06 07:11:00,0.09173,0.09178,0.09163,0.09163,39172.0
2025-11-06 07:12:00,0.09163,0.09177,0.09145,0.09154,70355.0
2025-11-06 07:13:00,0.09152,0.09175,0.09145,0.09166,221922.0
2025-11-06 07:14:00,0.09164,0.09196,0.09122,0.09156,515063.0
2025-11-06 07:15:00,0.0916,0.09164,0.09136,0.09144,142741.0
2025-11-06 07:16:00,0.09144,0.0915,0.09126,0.09149,99872.0
2025-11-06 07:17:00,0.09149,0.09184,0.09125,0.09163,147347.0
2025-11-06 07:18:00,0.09164,0.09164,0.09141,0.09153,116192.0
2025-11-06 07:19:00,0.09152,0.09204,0.09148,0.09195,113427.0
2025-11-06 07:20:00,0.09194,0.09206,0.09185,0.09206,59141.0
2025-11-06 07:21:00,0.09205,0.09226,0.09187,0.09194,168429.0
2025-11-06 07:22:00,0.09195,0.09203,0.09177,0.09196,25189.0
2025-11-06 07:23:00,0.09194,0.09212,0.0919,0.09198,64671.0
2025-11-06 07:24:00,0.09196,0.09248,0.09196,0.09248,83928.0
2025-11-06 07:25:00,0.0925,0.09257,0.09226,0.09231,92974.0
2025-11-06 07:26:00,0.09231,0.09266,0.09228,0.09241,97702.0
2025-11-06 07:27:00,0.09241,0.0926,0.09234,0.09243,51349.0
2025-11-06 07:28:00,0.09241,0.09258,0.09241,0.09253,63119.0
2025-11-06 07:29:00,0.09252,0.09271,0.09241,0.09267,100642.0
2025-11-06 07:30:00,0.09263,0.09268,0.0924,0.09254,72640.0
2025-11-06 07:31:00,0.09252,0.09269,0.09237,0.09242,53144.0
2025-11-06 07:32:00,0.09242,0.09259,0.09225,0.09249,175160.0
2025-11-06 07:33:00,0.09249,0.093,0.09239,0.093,285040.0
2025-11-06 07:34:00,0.09292,0.09299,0.09228,0.09245,354074.0
2025-11-06 07:35:00,0.09248,0.09267,0.09234,0.09238,81105.0
2025-11-06 07:36:00,0.09238,0.09244,0.09228,0.09241,35801.0
2025-11-06 07:37:00,0.09238,0.09269,0.09238,0.09252,57671.0
2025-11-06 07:38:00,0.09251,0.0926,0.09229,0.09229,33875.0
2025-11-06 07:39:00,0.09229,0.09238,0.09227,0.09233,54248.0
2025-11-06 07:40:00,0.09229,0.09273,0.09223,0.09264,100372.0
2025-11-06 07:41:00,0.09263,0.09321,0.09262,0.09316,134971.0
2025-11-06 07:42:00,0.09315,0.09332,0.09304,0.09324,207468.0
2025-11-06 07:43:00,0.09324,0.09324,0.09294,0.09319,131076.0
2025-11-06 07:44:00,0.09318,0.09336,0.09314,0.09327,75896.0
2025-11-06 07:45:00,0.09327,0.09329,0.09265,0.09265,65824.0
2025-11-06 07:46:00,0.09267,0.09268,0.09206,0.0923,164845.0
2025-11-06 07:47:00,0.09228,0.09255,0.09226,0.09253,52248.0
2025-11-06 07:48:00,0.09253,0.09253,0.0922,0.09221,42280.0
2025-11-06 07:49:00,0.09219,0.09231,0.09214,0.09217,33354.0
2025-11-06 07:50:00,0.0922,0.09223,0.09209,0.09212,19383.0
2025-11-06 07:51:00,0.09213,0.09218,0.09181,0.09191,52652.0
2025-11-06 07:52:00,0.09193,0.09194,0.09165,0.09178,108272.0
2025-11-06 07:53:00,0.09175,0.09201,0.09172,0.09198,79035.0
2025-11-06 07:54:00,0.09196,0.092,0.09168,0.0918,160647.0
2025-11-06 07:55:00,0.0918,0.09229,0.0918,0.09225,91319.0
2025-11-06 07:56:00,0.0923,0.09231,0.09224,0.09228,27046.0
2025-11-06 07:57:00,0.0923,0.09232,0.09208,0.09209,33855.0
2025-11-06 07:58:00,0.09208,0.09213,0.09188,0.09191,66360.0
2025-11-06 07:59:00,0.09194,0.09212,0.0919,0.0921,80819.0
2025-11-06 08:00:00,0.09207,0.09217,0.0919,0.09206,73402.0
2025-11-06 08:01:00,0.09207,0.09222,0.09195,0.09204,71757.0
2025-11-06 08:02:00,0.09205,0.09244,0.09205,0.09244,38583.0
2025-11-06 08:03:00,0.09245,0.09248,0.09225,0.09234,28931.0
2025-11-06 08:04:00,0.09234,0.09235,0.09196,0.09202,107877.0
2025-11-06 08:05:00,0.09202,0.09232,0.09195,0.09225,113637.0
2025-11-06 08:06:00,0.09225,0.09247,0.09219,0.09247,15941.0
2025-11-06 08:07:00,0.09246,0.09271,0.09245,0.09271,113451.0
2025-11-06 08:08:00,0.09271,0.09294,0.09262,0.09272,94864.0
2025-11-06 08:09:00,0.09273,0.09286,0.09254,0.0926,52245.0
2025-11-06 08:10:00,0.09259,0.09279,0.09252,0.09252,86336.0
2025-11-06 08:11:00,0.09252,0.09275,0.0925,0.09254,47340.0
2025-11-06 08:12:00,0.09254,0.09255,0.09228,0.09241,57455.0
2025-11-06 08:13:00,0.09245,0.09252,0.09222,0.09228,38498.0
2025-11-06 08:14:00,0.09229,0.09242,0.09215,0.09239,86163.0
2025-11-06 08:15:00,0.0924,0.09266,0.09239,0.09249,49449.0
2025-11-06 08:16:00,0.0925,0.0925,0.09216,0.09222,64289.0
2025-11-06 08:17:00,0.09222,0.09227,0.09198,0.09211,75952.0
2025-11-06 08:18:00,0.09213,0.09236,0.09207,0.09234,46663.0
2025-11-06 08:19:00,0.09234,0.09238,0.09213,0.09228,57631.0
2025-11-06 08:20:00,0.09223,0.09235,0.09213,0.09225,33873.0
2025-11-06 08:21:00,0.09226,0.09231,0.0921,0.09215,30308.0
2025-11-06 08:22:00,0.09215,0.09218,0.09202,0.09205,32269.0
2025-11-06 08:23:00,0.09205,0.09213,0.0917,0.09202,103918.0
2025-11-06 08:24:00,0.092,0.09228,0.09197,0.09209,42729.0
2025-11-06 08:25:00,0.0921,0.09222,0.09184,0.09199,63123.0
2025-11-06 08:26:00,0.09199,0.09205,0.09174,0.09187,60555.0
2025-11-06 08:27:00,0.09187,0.092,0.0918,0.0919,72787.0
2025-11-06 08:28:00,0.09186,0.09193,0.09158,0.0917,128542.0
2025-11-06 08:29:00,0.0917,0.09176,0.09161,0.09163,24782.0
2025-11-06 08:30:00,0.09166,0.09195,0.0916,0.09182,72880.0
2025-11-06 08:31:00,0.09183,0.09183,0.09142,0.09156,57571.0
2025-11-06 08:32:00,0.09155,0.09176,0.09153,0.09176,81273.0
2025-11-06 08:33:00,0.09176,0.09176,0.09152,0.09152,28518.0
2025-11-06 08:34:00,0.09152,0.09165,0.09145,0.09154,78854.0
2025-11-06 08:35:00,0.09153,0.09168,0.09133,0.09158,115996.0
2025-11-06 08:36:00,0.09155,0.09187,0.09154,0.09183,56311.0
2025-11-06 08:37:00,0.09183,0.09189,0.09156,0.09178,106102.0
2025-11-06 08:38:00,0.09176,0.09213,0.09173,0.09187,205697.0
2025-11-06 08:39:00,0.09188,0.09196,0.09174,0.09187,65454.0
2025-11-06 08:40:00,0.09188,0.09236,0.09182,0.09232,76066.0
2025-11-06 08:41:00,0.0923,0.09232,0.09187,0.09199,79097.0
2025-11-06 08:42:00,0.09199,0.09213,0.09184,0.09184,87123.0
2025-11-06 08:43:00,0.09189,0.09191,0.09176,0.09179,30507.0
2025-11-06 08:44:00,0.09176,0.09184,0.09158,0.09158,205771.0
2025-11-06 08:45:00,0.09157,0.09165,0.09139,0.09142,61726.0
2025-11-06 08:46:00,0.09143,0.09143,0.0911,0.09124,143885.0
2025-11-06 08:47:00,0.09124,0.09126,0.08992,0.09048,1797563.0
2025-11-06 08:48:00,0.0905,0.09068,0.0903,0.09048,253787.0
2025-11-06 08:49:00,0.0905,0.0905,0.08975,0.08993,595066.0
2025-11-06 08:50:00,0.08992,0.09023,0.08989,0.09005,193289.0
2025-11-06 08:51:00,0.09007,0.09025,0.09002,0.09008,194158.0
2025-11-06 08:52:00,0.09008,0.09034,0.08996,0.09006,205190.0
2025-11-06 08:53:00,0.09005,0.09039,0.08995,0.09039,199797.0
2025-11-06 08:54:00,0.09039,0.09066,0.09035,0.09049,204596.0
2025-11-06 08:55:00,0.09049,0.0905,0.09014,0.09021,93790.0
2025-11-06 08:56:00,0.09022,0.09024,0.08996,0.08996,102827.0
2025-11-06 08:57:00,0.08999,0.0902,0.08994,0.09015,68385.0
2025-11-06 08:58:00,0.09013,0.09035,0.09,0.09009,188712.0
2025-11-06 08:59:00,0.09009,0.09027,0.09006,0.09026,63628.0
2025-11-06 09:00:00,0.09027,0.09036,0.08999,0.09,212918.0
2025-11-06 09:01:00,0.09,0.09035,0.09,0.0902,56831.0
2025-11-06 09:02:00,0.09017,0.09025,0.0899,0.09,143893.0
2025-11-06 09:03:00,0.08999,0.09006,0.08975,0.08993,231728.0
2025-11-06 09:04:00,0.08994,0.09,0.08953,0.08965,328973.0
2025-11-06 09:05:00,0.08966,0.08985,0.08946,0.08957,108065.0
2025-11-06 09:06:00,0.08958,0.08963,0.08888,0.08949,514281.0
2025-11-06 09:07:00,0.08951,0.08964,0.08928,0.08943,188813.0
2025-11-06 09:08:00,0.08943,0.08984,0.0894,0.08979,105221.0
2025-11-06 09:09:00,0.0898,0.08994,0.08972,0.08977,69826.0
2025-11-06 09:10:00,0.0898,0.09003,0.08976,0.08993,143906.0
2025-11-06 09:11:00,0.08991,0.09004,0.0898,0.08994,63357.0
2025-11-06 09:12:00,0.08991,0.09018,0.0899,0.08993,83489.0
2025-11-06 09:13:00,0.08992,0.08999,0.08978,0.0898,67099.0
2025-11-06 09:14:00,0.08978,0.09,0.08976,0.08994,144516.0
2025-11-06 09:15:00,0.08995,0.09006,0.08983,0.08997,59909.0
2025-11-06 09:16:00,0.08997,0.09007,0.08988,0.08996,121836.0
2025-11-06 09:17:00,0.08998,0.09022,0.08996,0.09015,123155.0
2025-11-06 09:18:00,0.09015,0.09046,0.08996,0.09021,229386.0
2025-11-06 09:19:00,0.0902,0.09022,0.09001,0.09016,58049.0
2025-11-06 09:20:00,0.09014,0.09019,0.0899,0.09019,73793.0
2025-11-06 09:21:00,0.09019,0.09024,0.09011,0.09013,106284.0
2025-11-06 09:22:00,0.09013,0.09024,0.0901,0.09013,68326.0
2025-11-06 09:23:00,0.09016,0.09028,0.08999,0.09004,226061.0
2025-11-06 09:24:00,0.09,0.09006,0.08987,0.08992,60360.0
2025-11-06 09:25:00,0.0899,0.08998,0.08972,0.08982,132771.0
2025-11-06 09:26:00,0.08983,0.08993,0.08981,0.08985,68726.0
2025-11-06 09:27:00,0.08985,0.09072,0.08985,0.09068,233294.0
2025-11-06 09:28:00,0.09066,0.09066,0.09005,0.09025,264679.0
2025-11-06 09:29:00,0.09024,0.09032,0.08999,0.09012,203752.0
2025-11-06 09:30:00,0.09012,0.0902,0.08997,0.09001,63219.0
2025-11-06 09:31:00,0.09003,0.09041,0.09002,0.09037,60444.0
2025-11-06 09:32:00,0.09038,0.09039,0.09005,0.0901,70918.0
2025-11-06 09:33:00,0.09006,0.09027,0.09006,0.09026,49252.0
2025-11-06 09:34:00,0.09027,0.09078,0.09027,0.09054,232474.0
2025-11-06 09:35:00,0.09054,0.09072,0.09051,0.09053,99473.0
2025-11-06 09:36:00,0.09051,0.09057,0.09041,0.09056,49591.0
2025-11-06 09:37:00,0.09057,0.09094,0.09057,0.09083,234019.0
2025-11-06 09:38:00,0.09082,0.09082,0.0906,0.09063,94367.0
2025-11-06 09:39:00,0.09064,0.09088,0.09063,0.09086,75129.0
2025-11-06 09:40:00,0.09084,0.091,0.09082,0.09085,123580.0
2025-11-06 09:41:00,0.09084,0.09086,0.09066,0.09066,48248.0
2025-11-06 09:42:00,0.09065,0.09078,0.0906,0.09062,70648.0
2025-11-06 09:43:00,0.09061,0.09065,0.09034,0.09034,115037.0
2025-11-06 09:44:00,0.09034,0.09034,0.09016,0.09022,48215.0
2025-11-06 09:45:00,0.09022,0.09049,0.09022,0.09048,42587.0
2025-11-06 09:46:00,0.0905,0.09068,0.09043,0.09059,111802.0
2025-11-06 09:47:00,0.09058,0.09063,0.09029,0.0903,28149.0
2025-11-06 09:48:00,0.0903,0.09053,0.0903,0.09052,14354.0
2025-11-06 09:49:00,0.0905,0.09052,0.09013,0.09013,77024.0
2025-11-06 09:50:00,0.09014,0.09014,0.09003,0.09004,27115.0
2025-11-06 09:51:00,0.09004,0.09043,0.09,0.09035,172191.0
2025-11-06 09:52:00,0.0903,0.09065,0.09028,0.09061,99025.0
2025-11-06 09:53:00,0.09063,0.09065,0.0904,0.09041,47819.0
2025-11-06 09:54:00,0.09043,0.09046,0.09029,0.09038,80201.0
2025-11-06 09:55:00,0.0904,0.09046,0.09032,0.09045,29240.0
2025-11-06 09:56:00,0.09045,0.09054,0.09045,0.09048,23417.0
2025-11-06 09:57:00,0.09048,0.09048,0.09026,0.09031,68677.0
2025-11-06 09:58:00,0.09031,0.09036,0.09016,0.09026,42084.0
2025-11-06 09:59:00,0.09024,0.09041,0.09016,0.0904,76808.0
2025-11-06 10:00:00,0.0904,0.09045,0.08982,0.08988,160446.0
2025-11-06 10:01:00,0.08987,0.08996,0.08981,0.08987,82401.0
2025-11-06 10:02:00,0.08986,0.08986,0.08974,0.08978,44022.0
2025-11-06 10:03:00,0.08976,0.08977,0.08942,0.08949,70683.0
2025-11-06 10:04:00,0.08949,0.08965,0.08933,0.08956,125685.0
2025-11-06 10:05:00,0.08954,0.08954,0.08934,0.08934,44410.0
2025-11-06 10:06:00,0.08934,0.0895,0.0886,0.08862,939014.0
2025-11-06 10:07:00,0.08862,0.08883,0.08848,0.08862,379275.0
2025-11-06 10:08:00,0.08861,0.08861,0.08842,0.08848,166713.0
2025-11-06 10:09:00,0.08848,0.08892,0.08847,0.08882,58481.0
2025-11-06 10:10:00,0.08881,0.08893,0.08853,0.08871,284139.0
2025-11-06 10:11:00,0.08871,0.08888,0.08866,0.08886,128559.0
2025-11-06 10:12:00,0.08887,0.08908,0.08887,0.089,91515.0
2025-11-06 10:13:00,0.089,0.08908,0.08873,0.08887,161261.0
2025-11-06 10:14:00,0.08891,0.08903,0.08886,0.0889,101833.0
2025-11-06 10:15:00,0.08891,0.08907,0.08886,0.0889,60951.0
2025-11-06 10:16:00,0.08889,0.08917,0.08887,0.08917,40587.0
2025-11-06 10:17:00,0.08914,0.08934,0.08907,0.08919,169642.0
2025-11-06 10:18:00,0.08922,0.08934,0.08919,0.08932,170828.0
2025-11-06 10:19:00,0.08934,0.08963,0.08932,0.08948,380184.0
2025-11-06 10:20:00,0.08949,0.0895,0.08937,0.08948,51909.0
2025-11-06 10:21:00,0.08945,0.08959,0.08945,0.0895,37031.0
2025-11-06 10:22:00,0.0895,0.0895,0.08928,0.08928,58811.0
2025-11-06 10:23:00,0.08927,0.0893,0.08893,0.089,69545.0
2025-11-06 10:24:00,0.08901,0.08915,0.08901,0.08908,56544.0
2025-11-06 10:25:00,0.0891,0.08927,0.0889,0.08899,153551.0
2025-11-06 10:26:00,0.089,0.08922,0.089,0.08917,52426.0
2025-11-06 10:27:00,0.08917,0.08944,0.08917,0.08944,74431.0
2025-11-06 10:28:00,0.08943,0.08951,0.08918,0.08918,51542.0
2025-11-06 10:29:00,0.0892,0.08931,0.0892,0.0893,23047.0
2025-11-06 10:30:00,0.0893,0.08961,0.08907,0.08909,199783.0
2025-11-06 10:31:00,0.0891,0.08924,0.08905,0.08917,134505.0
2025-11-06 10:32:00,0.08914,0.08953,0.08909,0.08953,150056.0
2025-11-06 10:33:00,0.08953,0.08992,0.08952,0.0899,105174.0
2025-11-06 10:34:00,0.0899,0.09041,0.08985,0.09029,487996.0
2025-11-06 10:35:00,0.09036,0.09045,0.09022,0.09029,262898.0
2025-11-06 10:36:00,0.09026,0.09026,0.08994,0.08994,72077.0
2025-11-06 10:37:00,0.08996,0.0902,0.08987,0.09007,113779.0
2025-11-06 10:38:00,0.09017,0.09038,0.09016,0.09028,75545.0
2025-11-06 10:39:00,0.09026,0.0903,0.09017,0.09021,38156.0
2025-11-06 10:40:00,0.0902,0.09039,0.08998,0.09011,160426.0
2025-11-06 10:41:00,0.09011,0.09039,0.09007,0.09037,57537.0
2025-11-06 10:42:00,0.09034,0.09045,0.09016,0.09034,31060.0
2025-11-06 10:43:00,0.09032,0.09033,0.09026,0.09031,27330.0
2025-11-06 10:44:00,0.09033,0.09033,0.08993,0.09005,92907.0
2025-11-06 10:45:00,0.09003,0.0901,0.08985,0.09,82875.0
2025-11-06 10:46:00,0.09,0.09026,0.08993,0.09016,95728.0
2025-11-06 10:47:00,0.09014,0.09014,0.08968,0.08984,125212.0
2025-11-06 10:48:00,0.08981,0.08998,0.08972,0.08986,184136.0
2025-11-06 10:49:00,0.08986,0.08986,0.08963,0.08966,50827.0
2025-11-06 10:50:00,0.08967,0.08977,0.08939,0.08949,108180.0
2025-11-06 10:51:00,0.08947,0.08969,0.08944,0.08969,28967.0
2025-11-06 10:52:00,0.08969,0.08982,0.08969,0.08979,29389.0
2025-11-06 10:53:00,0.08984,0.08988,0.0897,0.0897,15605.0
2025-11-06 10:54:00,0.08971,0.08973,0.08962,0.08962,30256.0
2025-11-06 10:55:00,0.08961,0.08978,0.08952,0.08978,36847.0
2025-11-06 10:56:00,0.0898,0.08982,0.08954,0.08955,29755.0
2025-11-06 10:57:00,0.08955,0.08956,0.08944,0.08944,17717.0
2025-11-06 10:58:00,0.08943,0.08944,0.08934,0.08942,10015.0
2025-11-06 10:59:00,0.08942,0.08942,0.08928,0.08928,61125.0
2025-11-06 11:00:00,0.08926,0.0893,0.08918,0.08922,39594.0
2025-11-06 11:01:00,0.08922,0.08922,0.08887,0.08899,216670.0
2025-11-06 11:02:00,0.08901,0.08905,0.08877,0.08881,187386.0
2025-11-06 11:03:00,0.08879,0.08892,0.08872,0.08883,166334.0
2025-11-06 11:04:00,0.08876,0.08882,0.08866,0.08882,64230.0
2025-11-06 11:05:00,0.08876,0.08876,0.08848,0.0885,95322.0
2025-11-06 11:06:00,0.08848,0.08871,0.0884,0.08864,122614.0
2025-11-06 11:07:00,0.08865,0.08868,0.08851,0.08854,117964.0
2025-11-06 11:08:00,0.08854,0.08877,0.08847,0.08869,89885.0
2025-11-06 11:09:00,0.08868,0.08878,0.08859,0.08878,64389.0
2025-11-06 11:10:00,0.08878,0.08882,0.08869,0.08873,52957.0
2025-11-06 11:11:00,0.08873,0.08885,0.08869,0.0887,53887.0
2025-11-06 11:12:00,0.08868,0.08873,0.0886,0.08866,74689.0
2025-11-06 11:13:00,0.08866,0.08866,0.08846,0.08859,73185.0
2025-11-06 11:14:00,0.08858,0.08862,0.08848,0.08862,60860.0
2025-11-06 11:15:00,0.0886,0.08904,0.08856,0.08901,197268.0
2025-11-06 11:16:00,0.08904,0.08931,0.08898,0.08923,98026.0
2025-11-06 11:17:00,0.08923,0.08981,0.08923,0.08976,87418.0
2025-11-06 11:18:00,0.0898,0.0898,0.08962,0.08965,52171.0
2025-11-06 11:19:00,0.08967,0.0897,0.08956,0.0897,56539.0
2025-11-06 11:20:00,0.08966,0.08979,0.08966,0.08979,9783.0
2025-11-06 11:21:00,0.0898,0.09007,0.08975,0.08983,65576.0
2025-11-06 11:22:00,0.08983,0.08999,0.08975,0.08975,52795.0
2025-11-06 11:23:00,0.0898,0.0898,0.08966,0.08977,30410.0
2025-11-06 11:24:00,0.08975,0.09003,0.08975,0.09002,134992.0
2025-11-06 11:25:00,0.09,0.09003,0.08981,0.08988,63057.0
2025-11-06 11:26:00,0.08987,0.08987,0.08965,0.08975,106597.0
2025-11-06 11:27:00,0.08976,0.08995,0.08966,0.08987,40529.0
2025-11-06 11:28:00,0.0899,0.09022,0.08986,0.09022,143175.0
2025-11-06 11:29:00,0.09022,0.09022,0.09004,0.09015,58866.0
2025-11-06 11:30:00,0.09016,0.09042,0.09015,0.09022,71762.0
2025-11-06 11:31:00,0.09023,0.09028,0.08969,0.08969,69667.0
2025-11-06 11:32:00,0.08967,0.08985,0.08961,0.08983,55580.0
2025-11-06 11:33:00,0.08983,0.08984,0.0895,0.0895,86717.0
2025-11-06 11:34:00,0.08953,0.08964,0.08928,0.08934,158478.0
2025-11-06 11:35:00,0.08931,0.08942,0.08924,0.08928,37959.0
2025-11-06 11:36:00,0.08931,0.0895,0.08919,0.08921,80124.0
2025-11-06 11:37:00,0.0892,0.08957,0.0891,0.08953,62405.0
2025-11-06 11:38:00,0.08954,0.08954,0.08921,0.08933,109742.0
2025-11-06 11:39:00,0.08931,0.08944,0.08921,0.08943,79022.0
2025-11-06 11:40:00,0.08942,0.08964,0.08936,0.08964,56682.0
2025-11-06 11:41:00,0.08965,0.08968,0.08945,0.08945,16192.0
2025-11-06 11:42:00,0.08949,0.08966,0.08946,0.08966,16252.0
2025-11-06 11:43:00,0.08967,0.0898,0.08955,0.08964,48900.0
2025-11-06 11:44:00,0.08966,0.08983,0.08965,0.0897,39474.0
2025-11-06 11:45:00,0.08972,0.08988,0.0897,0.08987,93149.0
2025-11-06 11:46:00,0.08988,0.0899,0.08967,0.08972,53131.0
2025-11-06 11:47:00,0.08973,0.08988,0.08973,0.0898,42959.0
2025-11-06 11:48:00,0.08979,0.09,0.08979,0.08997,50542.0
2025-11-06 11:49:00,0.08996,0.08997,0.08987,0.08987,40749.0
2025-11-06 11:50:00,0.08987,0.09001,0.08977,0.0898,60452.0
2025-11-06 11:51:00,0.08979,0.0898,0.08962,0.08962,34342.0
2025-11-06 11:52:00,0.08962,0.08977,0.08958,0.08975,29420.0
2025-11-06 11:53:00,0.08977,0.0898,0.08971,0.08974,27514.0
2025-11-06 11:54:00,0.08977,0.08982,0.08937,0.08937,40013.0
2025-11-06 11:55:00,0.08941,0.08954,0.08941,0.08951,46610.0
2025-11-06 11:56:00,0.08951,0.08953,0.08942,0.08945,33330.0
2025-11-06 11:57:00,0.0894,0.0895,0.0894,0.08948,14932.0
2025-11-06 11:58:00,0.08946,0.08952,0.08941,0.08943,26221.0
2025-11-06 11:59:00,0.08944,0.08961,0.08944,0.0895,166580.0
2025-11-06 12:00:00,0.0895,0.08953,0.08942,0.08944,41919.0
2025-11-06 12:01:00,0.08943,0.08958,0.08922,0.08934,94443.0
2025-11-06 12:02:00,0.08935,0.08936,0.08899,0.0891,129814.0
2025-11-06 12:03:00,0.0891,0.0891,0.08877,0.08882,86389.0
2025-11-06 12:04:00,0.0888,0.08892,0.08875,0.08889,68724.0
2025-11-06 12:05:00,0.08892,0.08894,0.08879,0.08882,19658.0
2025-11-06 12:06:00,0.08883,0.08924,0.08883,0.08912,67913.0
2025-11-06 12:07:00,0.08915,0.08925,0.08901,0.08923,89256.0
2025-11-06 12:08:00,0.08925,0.08949,0.08925,0.08929,107826.0
2025-11-06 12:09:00,0.08928,0.08937,0.08899,0.08899,175457.0
2025-11-06 12:10:00,0.08898,0.08927,0.08894,0.08923,58858.0
2025-11-06 12:11:00,0.08925,0.08925,0.0891,0.08911,23768.0
2025-11-06 12:12:00,0.08911,0.08935,0.0891,0.08934,41341.0
2025-11-06 12:13:00,0.08934,0.08943,0.08932,0.08943,27355.0
2025-11-06 12:14:00,0.0894,0.08951,0.08932,0.08932,88926.0
2025-11-06 12:15:00,0.08932,0.08932,0.08923,0.08928,31359.0
2025-11-06 12:16:00,0.08927,0.08938,0.08921,0.08927,59257.0
2025-11-06 12:17:00,0.08928,0.08931,0.08919,0.0892,44859.0
2025-11-06 12:18:00,0.08918,0.08924,0.08899,0.08909,209731.0
2025-11-06 12:19:00,0.0891,0.08928,0.08908,0.08923,25702.0
2025-11-06 12:20:00,0.08925,0.0893,0.08901,0.08901,29223.0
2025-11-06 12:21:00,0.08902,0.08906,0.08892,0.08896,49042.0
2025-11-06 12:22:00,0.08897,0.08903,0.08875,0.08875,24189.0
2025-11-06 12:23:00,0.08875,0.0889,0.08869,0.08876,61933.0
2025-11-06 12:24:00,0.08877,0.08879,0.08861,0.0887,46408.0
2025-11-06 12:25:00,0.08868,0.0889,0.0886,0.0889,35720.0
2025-11-06 12:26:00,0.0889,0.08899,0.08857,0.08861,81900.0
2025-11-06 12:27:00,0.08861,0.08884,0.08861,0.0888,50547.0
2025-11-06 12:28:00,0.08877,0.0889,0.08876,0.08876,26521.0
2025-11-06 12:29:00,0.08875,0.08896,0.08872,0.08889,93873.0
2025-11-06 12:30:00,0.08889,0.08913,0.08887,0.08909,42994.0
2025-11-06 12:31:00,0.0891,0.0891,0.08871,0.08877,75484.0
2025-11-06 12:32:00,0.08877,0.08892,0.08877,0.08889,40660.0
2025-11-06 12:33:00,0.08892,0.08901,0.08872,0.0888,64001.0
2025-11-06 12:34:00,0.08881,0.08891,0.08873,0.08877,31873.0
2025-11-06 12:35:00,0.08874,0.08899,0.08873,0.08873,44092.0
2025-11-06 12:36:00,0.08875,0.08902,0.08875,0.08893,31765.0
2025-11-06 12:37:00,0.08895,0.08907,0.08895,0.08903,31546.0
2025-11-06 12:38:00,0.08901,0.08912,0.0889,0.0889,32978.0
2025-11-06 12:39:00,0.08889,0.08898,0.08886,0.08898,34662.0
2025-11-06 12:40:00,0.08899,0.08902,0.0886,0.0886,44733.0
2025-11-06 12:41:00,0.08865,0.08899,0.08865,0.08892,92316.0
2025-11-06 12:42:00,0.0889,0.08891,0.08873,0.08884,90172.0
2025-11-06 12:43:00,0.08884,0.08896,0.08882,0.08892,49239.0
2025-11-06 12:44:00,0.08892,0.08896,0.08863,0.08867,71020.0
2025-11-06 12:45:00,0.08866,0.08894,0.08866,0.08892,104101.0
2025-11-06 12:46:00,0.08889,0.08893,0.0887,0.08879,32332.0
2025-11-06 12:47:00,0.08879,0.08882,0.08871,0.08875,85609.0
2025-11-06 12:48:00,0.08876,0.08891,0.08876,0.08882,45145.0
2025-11-06 12:49:00,0.08882,0.08898,0.08878,0.08895,19389.0
2025-11-06 12:50:00,0.08896,0.08921,0.08896,0.08921,45854.0
2025-11-06 12:51:00,0.0892,0.08925,0.08909,0.08921,69171.0
2025-11-06 12:52:00,0.08921,0.08925,0.08905,0.08905,42871.0
2025-11-06 12:53:00,0.08904,0.08908,0.08893,0.08894,33759.0
2025-11-06 12:54:00,0.08897,0.08904,0.08845,0.08876,375157.0
2025-11-06 12:55:00,0.08876,0.08882,0.08864,0.08866,34103.0
2025-11-06 12:56:00,0.08865,0.08885,0.08863,0.0888,48874.0
2025-11-06 12:57:00,0.08882,0.08891,0.08882,0.0889,14435.0
2025-11-06 12:58:00,0.08891,0.08891,0.08867,0.08867,18918.0
2025-11-06 12:59:00,0.08867,0.08872,0.08861,0.08863,69403.0
2025-11-06 13:00:00,0.08863,0.08885,0.08858,0.08885,114395.0
2025-11-06 13:01:00,0.08886,0.08886,0.08851,0.08853,46932.0
2025-11-06 13:02:00,0.08854,0.08877,0.08854,0.08868,24172.0
2025-11-06 13:03:00,0.08869,0.08875,0.08854,0.08864,75157.0
2025-11-06 13:04:00,0.08863,0.08893,0.08863,0.08881,73918.0
2025-11-06 13:05:00,0.08883,0.08886,0.08877,0.08879,36144.0
2025-11-06 13:06:00,0.08884,0.08891,0.0887,0.08891,36723.0
2025-11-06 13:07:00,0.08887,0.0893,0.08887,0.08926,138393.0
2025-11-06 13:08:00,0.08926,0.08939,0.08919,0.08925,68140.0
2025-11-06 13:09:00,0.08926,0.08939,0.08912,0.08913,89871.0
2025-11-06 13:10:00,0.08916,0.08938,0.08916,0.08938,37306.0
2025-11-06 13:11:00,0.08936,0.08937,0.08908,0.08913,39587.0
2025-11-06 13:12:00,0.08913,0.08914,0.08902,0.08906,49278.0
2025-11-06 13:13:00,0.08905,0.08934,0.08905,0.08929,79464.0
2025-11-06 13:14:00,0.08931,0.08933,0.08918,0.08929,60974.0
2025-11-06 13:15:00,0.0893,0.08949,0.08928,0.08932,36130.0
2025-11-06 13:16:00,0.0893,0.08989,0.08914,0.08982,151420.0
2025-11-06 13:17:00,0.08983,0.09003,0.08971,0.08974,109872.0
2025-11-06 13:18:00,0.08972,0.09007,0.08965,0.08987,76992.0
2025-11-06 13:19:00,0.08987,0.09012,0.08977,0.09012,65732.0
2025-11-06 13:20:00,0.09012,0.09012,0.08987,0.08989,56192.0
2025-11-06 13:21:00,0.08987,0.08988,0.08976,0.08977,30362.0
2025-11-06 13:22:00,0.08976,0.08989,0.08966,0.08989,40333.0
2025-11-06 13:23:00,0.08985,0.08993,0.08978,0.08982,46849.0
2025-11-06 13:24:00,0.0898,0.09031,0.08977,0.09023,91132.0
2025-11-06 13:25:00,0.09025,0.09026,0.08997,0.09001,62627.0
2025-11-06 13:26:00,0.09005,0.0902,0.09,0.09003,37165.0
2025-11-06 13:27:00,0.09,0.09003,0.08975,0.08979,39944.0
2025-11-06 13:28:00,0.08978,0.08982,0.08969,0.08974,21021.0
2025-11-06 13:29:00,0.08973,0.08984,0.0897,0.0898,49011.0
2025-11-06 13:30:00,0.08981,0.09005,0.08981,0.08987,37457.0
2025-11-06 13:31:00,0.08985,0.08986,0.08961,0.08966,94074.0
2025-11-06 13:32:00,0.08967,0.08977,0.08949,0.08958,79757.0
2025-11-06 13:33:00,0.08957,0.08979,0.08957,0.08978,38168.0
2025-11-06 13:34:00,0.08979,0.08993,0.08976,0.08979,80738.0
2025-11-06 13:35:00,0.08978,0.08996,0.08974,0.08992,82607.0
2025-11-06 13:36:00,0.08991,0.0902,0.08984,0.09016,96178.0
2025-11-06 13:37:00,0.09013,0.09037,0.09001,0.09028,134335.0
2025-11-06 13:38:00,0.09028,0.09052,0.09024,0.09041,113012.0
2025-11-06 13:39:00,0.09042,0.09043,0.09023,0.09027,58995.0
2025-11-06 13:40:00,0.09023,0.09035,0.09015,0.09031,149585.0
2025-11-06 13:41:00,0.09029,0.09032,0.08994,0.09003,149207.0
2025-11-06 13:42:00,0.09003,0.09007,0.08981,0.09007,91810.0
2025-11-06 13:43:00,0.09004,0.09018,0.08991,0.09013,141858.0
2025-11-06 13:44:00,0.09011,0.09014,0.08999,0.09007,54722.0
2025-11-06 13:45:00,0.09007,0.09041,0.09007,0.09024,115548.0
2025-11-06 13:46:00,0.09024,0.09031,0.09012,0.09015,81997.0
2025-11-06 13:47:00,0.09014,0.09045,0.09013,0.09043,68814.0
2025-11-06 13:48:00,0.09044,0.09044,0.09022,0.0903,63221.0
2025-11-06 13:49:00,0.0903,0.09036,0.09027,0.09033,53502.0
2025-11-06 13:50:00,0.09033,0.09038,0.09008,0.09008,62878.0
2025-11-06 13:51:00,0.09008,0.09008,0.08964,0.08976,221987.0
2025-11-06 13:52:00,0.08974,0.08992,0.08959,0.08988,82080.0
2025-11-06 13:53:00,0.08989,0.08989,0.08921,0.08948,272157.0
2025-11-06 13:54:00,0.08949,0.08956,0.08948,0.0895,60340.0
2025-11-06 13:55:00,0.0895,0.08953,0.08925,0.08932,67348.0
2025-11-06 13:56:00,0.08933,0.08939,0.08929,0.08932,34125.0
2025-11-06 13:57:00,0.08932,0.08946,0.08923,0.08946,55751.0
2025-11-06 13:58:00,0.08945,0.08952,0.08925,0.08925,108032.0
2025-11-06 13:59:00,0.08927,0.08953,0.08925,0.08947,118041.0
2025-11-06 14:00:00,0.08947,0.0898,0.08943,0.08977,82726.0
2025-11-06 14:01:00,0.08976,0.08976,0.0893,0.08953,149583.0
2025-11-06 14:02:00,0.08953,0.08969,0.08947,0.0896,120330.0
2025-11-06 14:03:00,0.08959,0.0896,0.08925,0.08925,132445.0
2025-11-06 14:04:00,0.08925,0.0894,0.08906,0.08931,242563.0
2025-11-06 14:05:00,0.08932,0.08935,0.08884,0.08897,159823.0
2025-11-06 14:06:00,0.08896,0.08902,0.08872,0.08879,235062.0
2025-11-06 14:07:00,0.08879,0.0889,0.08856,0.08884,221182.0
2025-11-06 14:08:00,0.08882,0.089,0.08873,0.0888,150038.0
2025-11-06 14:09:00,0.0888,0.08885,0.08846,0.08851,149596.0
2025-11-06 14:10:00,0.08849,0.08856,0.08787,0.08844,570156.0
2025-11-06 14:11:00,0.08844,0.08853,0.08834,0.08838,254382.0
2025-11-06 14:12:00,0.08836,0.08845,0.08822,0.08826,87091.0
2025-11-06 14:13:00,0.08824,0.08839,0.08819,0.08837,88558.0
2025-11-06 14:14:00,0.08836,0.08838,0.0882,0.08831,137557.0
2025-11-06 14:15:00,0.0883,0.0883,0.08758,0.08786,558330.0
2025-11-06 14:16:00,0.08785,0.08796,0.0877,0.08787,162552.0
2025-11-06 14:17:00,0.08788,0.0882,0.08788,0.08805,92974.0
2025-11-06 14:18:00,0.08805,0.08835,0.08804,0.08835,74123.0
2025-11-06 14:19:00,0.08834,0.08837,0.08817,0.08826,165365.0
2025-11-06 14:20:00,0.08827,0.08832,0.08786,0.08791,89444.0
2025-11-06 14:21:00,0.08791,0.08805,0.08785,0.08797,74809.0
2025-11-06 14:22:00,0.08797,0.08799,0.0876,0.08765,170079.0
2025-11-06 14:23:00,0.08765,0.08768,0.08756,0.08766,108672.0
2025-11-06 14:24:00,0.08767,0.08778,0.08729,0.08736,174990.0
2025-11-06 14:25:00,0.08737,0.08757,0.08725,0.08737,155961.0
2025-11-06 14:26:00,0.08742,0.08768,0.08742,0.08766,229990.0
2025-11-06 14:27:00,0.08764,0.08778,0.0876,0.0876,121192.0
2025-11-06 14:28:00,0.08755,0.08755,0.08732,0.0874,84241.0
2025-11-06 14:29:00,0.08738,0.08753,0.08735,0.08745,85586.0
2025-11-06 14:30:00,0.08746,0.08746,0.08715,0.08741,191924.0
2025-11-06 14:31:00,0.08737,0.08741,0.08697,0.08713,182117.0
2025-11-06 14:32:00,0.08712,0.08791,0.08709,0.08781,544847.0
2025-11-06 14:33:00,0.08778,0.08779,0.08737,0.08737,239288.0
2025-11-06 14:34:00,0.08736,0.08774,0.08735,0.08753,168945.0
2025-11-06 14:35:00,0.08752,0.08764,0.087,0.0875,541232.0
2025-11-06 14:36:00,0.08749,0.08776,0.08735,0.0876,175570.0
2025-11-06 14:37:00,0.08762,0.08797,0.0876,0.08783,292874.0
2025-11-06 14:38:00,0.08783,0.08802,0.08781,0.08791,74534.0
2025-11-06 14:39:00,0.08788,0.08788,0.0874,0.0874,136007.0
2025-11-06 14:40:00,0.08739,0.08774,0.08729,0.0876,48134.0
2025-11-06 14:41:00,0.08759,0.08759,0.08721,0.0874,74473.0
2025-11-06 14:42:00,0.08742,0.08783,0.0874,0.08768,56358.0
2025-11-06 14:43:00,0.08769,0.08776,0.0875,0.08756,48159.0
2025-11-06 14:44:00,0.08757,0.08764,0.08715,0.08721,132402.0
2025-11-06 14:45:00,0.08721,0.0875,0.08717,0.08749,68307.0
2025-11-06 14:46:00,0.08749,0.08753,0.08741,0.08745,143834.0
2025-11-06 14:47:00,0.08746,0.08777,0.08739,0.08762,100998.0
2025-11-06 14:48:00,0.0876,0.08786,0.08752,0.08786,35590.0
2025-11-06 14:49:00,0.0878,0.08785,0.08748,0.0875,49781.0
2025-11-06 14:50:00,0.08749,0.08756,0.08717,0.08737,116386.0
2025-11-06 14:51:00,0.08738,0.08743,0.087,0.08709,122268.0
2025-11-06 14:52:00,0.0871,0.08726,0.08699,0.08723,86228.0
2025-11-06 14:53:00,0.08718,0.08752,0.08716,0.08737,66275.0
2025-11-06 14:54:00,0.08736,0.0876,0.08733,0.08742,118347.0
2025-11-06 14:55:00,0.08742,0.08766,0.08732,0.08761,36469.0
2025-11-06 14:56:00,0.08759,0.08769,0.0874,0.08744,135486.0
2025-11-06 14:57:00,0.08742,0.0875,0.08726,0.08749,76400.0
2025-11-06 14:58:00,0.08747,0.08747,0.08726,0.0874,36630.0
2025-11-06 14:59:00,0.08739,0.08759,0.08734,0.08747,93910.0
2025-11-06 15:00:00,0.08746,0.08757,0.08723,0.08736,112833.0
2025-11-06 15:01:00,0.08734,0.08778,0.08727,0.0876,142660.0
2025-11-06 15:02:00,0.08757,0.08765,0.08731,0.08751,96024.0
2025-11-06 15:03:00,0.08751,0.08772,0.08719,0.08756,293147.0
2025-11-06 15:04:00,0.08755,0.0876,0.08725,0.08725,174654.0
2025-11-06 15:05:00,0.08724,0.08785,0.08722,0.08769,78460.0
2025-11-06 15:06:00,0.08768,0.08785,0.08756,0.08759,105463.0
2025-11-06 15:07:00,0.08757,0.08761,0.08739,0.08742,121589.0
2025-11-06 15:08:00,0.08741,0.08763,0.0873,0.08761,100203.0
2025-11-06 15:09:00,0.08757,0.088,0.08752,0.08796,135893.0
2025-11-06 15:10:00,0.08793,0.08844,0.08789,0.08835,175508.0
2025-11-06 15:11:00,0.08833,0.08844,0.0882,0.08825,90132.0
2025-11-06 15:12:00,0.08827,0.08827,0.08788,0.08791,135134.0
2025-11-06 15:13:00,0.08789,0.08813,0.08786,0.08791,94925.0
2025-11-06 15:14:00,0.08791,0.08806,0.08782,0.08794,76409.0
2025-11-06 15:15:00,0.08789,0.08812,0.08778,0.08793,106174.0
2025-11-06 15:16:00,0.08794,0.0881,0.08788,0.08798,55508.0
2025-11-06 15:17:00,0.088,0.08863,0.088,0.08842,241500.0
2025-11-06 15:18:00,0.08841,0.08877,0.08841,0.08877,113531.0
2025-11-06 15:19:00,0.08878,0.08886,0.08859,0.08877,162535.0
2025-11-06 15:20:00,0.08877,0.08975,0.08877,0.0894,312493.0
2025-11-06 15:21:00,0.08941,0.0896,0.08925,0.08947,205961.0
2025-11-06 15:22:00,0.08948,0.08963,0.08939,0.08957,62291.0
2025-11-06 15:23:00,0.08958,0.0897,0.08936,0.08937,106871.0
2025-11-06 15:24:00,0.08937,0.0896,0.0893,0.08944,106482.0
2025-11-06 15:25:00,0.08941,0.08958,0.08918,0.08958,234289.0
2025-11-06 15:26:00,0.08957,0.09028,0.08952,0.09025,202745.0
2025-11-06 15:27:00,0.09027,0.0903,0.08966,0.08996,161000.0
2025-11-06 15:28:00,0.08996,0.09005,0.08968,0.08997,105733.0
2025-11-06 15:29:00,0.09,0.09,0.08974,0.08975,60780.0
2025-11-06 15:30:00,0.08976,0.0903,0.08976,0.09026,141996.0
2025-11-06 15:31:00,0.09029,0.09048,0.08997,0.09024,159406.0
2025-11-06 15:32:00,0.09022,0.09056,0.09004,0.09006,179537.0
2025-11-06 15:33:00,0.09005,0.09016,0.08916,0.08919,303958.0
2025-11-06 15:34:00,0.08926,0.0893,0.08832,0.08901,554995.0
2025-11-06 15:35:00,0.08899,0.08918,0.08847,0.08918,193554.0
2025-11-06 15:36:00,0.0892,0.08926,0.0888,0.08884,84252.0
2025-11-06 15:37:00,0.08886,0.08907,0.08883,0.08902,98908.0
2025-11-06 15:38:00,0.08901,0.08909,0.0889,0.08892,30207.0
2025-11-06 15:39:00,0.0889,0.0889,0.08855,0.08882,103989.0
2025-11-06 15:40:00,0.08879,0.08911,0.08879,0.08906,58115.0
2025-11-06 15:41:00,0.08904,0.08904,0.08862,0.08888,149187.0
2025-11-06 15:42:00,0.08889,0.08899,0.0887,0.08887,45426.0
2025-11-06 15:43:00,0.08884,0.08911,0.08878,0.08878,73534.0
2025-11-06 15:44:00,0.08877,0.08882,0.08843,0.08849,104255.0
2025-11-06 15:45:00,0.08852,0.08944,0.08848,0.08912,139264.0
2025-11-06 15:46:00,0.08911,0.08914,0.08873,0.0888,87908.0
2025-11-06 15:47:00,0.08878,0.08884,0.08848,0.08848,127139.0
2025-11-06 15:48:00,0.08846,0.08859,0.08812,0.08846,218784.0
2025-11-06 15:49:00,0.08846,0.08872,0.0882,0.08867,62307.0
2025-11-06 15:50:00,0.08865,0.08876,0.0884,0.08847,87952.0
2025-11-06 15:51:00,0.08847,0.08864,0.08838,0.08855,81897.0
2025-11-06 15:52:00,0.08854,0.08872,0.0881,0.08858,185154.0
2025-11-06 15:53:00,0.08863,0.08863,0.08818,0.08818,153773.0
2025-11-06 15:54:00,0.08818,0.0887,0.08815,0.08867,100151.0
2025-11-06 15:55:00,0.08865,0.08865,0.08821,0.08823,85149.0
2025-11-06 15:56:00,0.08822,0.08833,0.08768,0.088,154261.0
2025-11-06 15:57:00,0.08801,0.08808,0.08792,0.08806,36600.0
2025-11-06 15:58:00,0.08807,0.08826,0.08792,0.08826,57990.0
2025-11-06 15:59:00,0.08825,0.08836,0.08819,0.08828,54008.0
2025-11-06 16:00:00,0.08827,0.08851,0.08815,0.0885,62629.0
2025-11-06 16:01:00,0.08851,0.08878,0.08831,0.08835,203568.0
2025-11-06 16:02:00,0.08837,0.08845,0.08809,0.08815,157249.0
2025-11-06 16:03:00,0.08816,0.0884,0.08804,0.08809,86636.0
2025-11-06 16:04:00,0.08809,0.08826,0.0879,0.08818,101118.0
2025-11-06 16:05:00,0.0882,0.08829,0.08802,0.08829,157007.0
2025-11-06 16:06:00,0.08829,0.08867,0.08823,0.08844,112294.0
2025-11-06 16:07:00,0.08846,0.08849,0.088,0.08804,170568.0
2025-11-06 16:08:00,0.08801,0.0884,0.08801,0.0884,93120.0
2025-11-06 16:09:00,0.08841,0.08843,0.08802,0.08812,87376.0
2025-11-06 16:10:00,0.08808,0.08817,0.08775,0.08793,124850.0
2025-11-06 16:11:00,0.08794,0.08814,0.08782,0.08793,119162.0
2025-11-06 16:12:00,0.08795,0.08814,0.08795,0.08802,90813.0
2025-11-06 16:13:00,0.08802,0.08834,0.08794,0.08821,255417.0
2025-11-06 16:14:00,0.08822,0.08828,0.08801,0.08801,101916.0
2025-11-06 16:15:00,0.08803,0.08842,0.08802,0.08825,94747.0
2025-11-06 16:16:00,0.08826,0.08862,0.08813,0.08852,76295.0
2025-11-06 16:17:00,0.08848,0.08864,0.0884,0.08862,51269.0
2025-11-06 16:18:00,0.08864,0.08874,0.08833,0.08835,95675.0
2025-11-06 16:19:00,0.08843,0.08843,0.08819,0.08819,74181.0
2025-11-06 16:20:00,0.0882,0.08852,0.08817,0.08852,54757.0
2025-11-06 16:21:00,0.08854,0.08907,0.08854,0.08888,168136.0
2025-11-06 16:22:00,0.08891,0.08906,0.08879,0.08902,86142.0
2025-11-06 16:23:00,0.08901,0.0894,0.089,0.0892,132219.0
2025-11-06 16:24:00,0.0892,0.08927,0.08894,0.08912,117019.0
2025-11-06 16:25:00,0.0891,0.08928,0.08884,0.08897,87039.0
2025-11-06 16:26:00,0.08897,0.08905,0.0887,0.08876,120996.0
2025-11-06 16:27:00,0.08876,0.08877,0.08854,0.08865,51990.0
2025-11-06 16:28:00,0.08865,0.08868,0.08841,0.08842,69844.0
2025-11-06 16:29:00,0.08843,0.08858,0.08842,0.08842,35934.0
2025-11-06 16:30:00,0.0884,0.0884,0.08785,0.08787,121344.0
2025-11-06 16:31:00,0.08789,0.0885,0.08788,0.08849,74382.0
2025-11-06 16:32:00,0.0885,0.08863,0.08836,0.08856,42807.0
2025-11-06 16:33:00,0.0886,0.0887,0.08854,0.0886,26503.0
2025-11-06 16:34:00,0.0886,0.0886,0.08832,0.08848,54742.0
2025-11-06 16:35:00,0.08846,0.08846,0.08812,0.08826,74575.0
2025-11-06 16:36:00,0.08828,0.08837,0.08818,0.08835,52391.0
2025-11-06 16:37:00,0.08835,0.08848,0.08824,0.08824,77209.0
2025-11-06 16:38:00,0.08826,0.08829,0.08799,0.08801,53049.0
2025-11-06 16:39:00,0.088,0.08818,0.08788,0.088,88354.0
2025-11-06 16:40:00,0.088,0.0881,0.08785,0.08788,97247.0
2025-11-06 16:41:00,0.08787,0.08804,0.08778,0.08785,90082.0
2025-11-06 16:42:00,0.08784,0.0885,0.08784,0.08822,255988.0
2025-11-06 16:43:00,0.08819,0.0883,0.08758,0.08806,167772.0
2025-11-06 16:44:00,0.08803,0.08875,0.08799,0.08847,248745.0
2025-11-06 16:45:00,0.08848,0.08869,0.08837,0.08852,186730.0
2025-11-06 16:46:00,0.08852,0.08926,0.08852,0.08926,159303.0
2025-11-06 16:47:00,0.08928,0.08944,0.08871,0.08882,213913.0
2025-11-06 16:48:00,0.08884,0.08886,0.08826,0.08826,110435.0
2025-11-06 16:49:00,0.08826,0.08836,0.08798,0.08798,127485.0
2025-11-06 16:50:00,0.08801,0.08802,0.08779,0.08797,53353.0
2025-11-06 16:51:00,0.08798,0.08886,0.08798,0.08874,188732.0
2025-11-06 16:52:00,0.08876,0.089,0.08842,0.089,158418.0
2025-11-06 16:53:00,0.08898,0.08917,0.08881,0.08886,155330.0
2025-11-06 16:54:00,0.08887,0.08909,0.08879,0.089,80294.0
2025-11-06 16:55:00,0.08898,0.08898,0.08858,0.0886,177157.0
2025-11-06 16:56:00,0.08858,0.08866,0.0885,0.08854,36492.0
2025-11-06 16:57:00,0.08853,0.08892,0.08853,0.08892,43273.0
2025-11-06 16:58:00,0.08893,0.08913,0.08893,0.08908,100864.0
2025-11-06 16:59:00,0.08907,0.08907,0.08858,0.08891,120949.0
2025-11-06 17:00:00,0.08891,0.08926,0.08887,0.08918,126052.0
